Compound,Date,Negative,Neutral,Positive,Tweet Text,Tweets Ago,User
0.0,Sun Mar 11 16:00:04 +0000 2018,0.0,1.0,0.0,"By 2050, 30-50% of all species could be heading towards extinction. https://t.co/2TYrhIiBIw",0,BBC
0.0,Sun Mar 11 15:01:05 +0000 2018,0.0,1.0,0.0,?? Tomorrow’s space scientists will have to deal with a monumental amount of space junk left from previous spacecra… https://t.co/IJTpc5TBsd,1,BBC
0.0,Sun Mar 11 14:43:09 +0000 2018,0.0,1.0,0.0,"RT @5liveSport: For the final time...

The legendary John Motson is in our commentary box ????

He'll be commentating on #Arsenal vs #Watfo…",2,BBC
-0.0772,Sun Mar 11 14:00:04 +0000 2018,0.284,0.459,0.257,Making fake videos just got easier. https://t.co/VSP9bwHVNZ,3,BBC
-0.5267,Sun Mar 11 12:33:04 +0000 2018,0.145,0.855,0.0,"Captain America teams up with Black Widow to get to the bottom of a conspiracy. ????

Captain America: The Winter S… https://t.co/yDWYJRUgGi",4,BBC
0.0,Sun Mar 11 12:00:03 +0000 2018,0.0,1.0,0.0,? Meet Om Abdullah - Egypt's first official female minibus driver. https://t.co/Z4fmE1k5ph,5,BBC
-0.2755,Sun Mar 11 11:31:52 +0000 2018,0.095,0.905,0.0,"RT @BBCSport: We're not emotionally ready for this.

John Motson will deliver his final live BBC commentary today.

More details?
https://t…",6,BBC
0.1326,Sun Mar 11 11:10:49 +0000 2018,0.05,0.877,0.073,"RT @CBeebiesHQ: Doesn't matter if your family has:

One Mum???

Two Mums ???????

A Grandmum ??

... they all want a lie-in!

#HappyMothers…",7,BBC
0.7717,Sun Mar 11 10:32:04 +0000 2018,0.0,0.645,0.355,"? Surprise your mum with a homemade treat this #MothersDay – from easy cupcakes to luscious layer cakes.
?… https://t.co/p7n5lo2ziD",8,BBC
-0.25,Sun Mar 11 10:24:05 +0000 2018,0.155,0.747,0.098,"RT @BBCScotland: Undercover filming reveals Scotland's growing 'bag' problem.

See more from #ShortStuff -  https://t.co/orhxUmskEd 

#come…",9,BBC
0.0,Sun Mar 11 10:05:01 +0000 2018,0.0,1.0,0.0,? Blossom the pig can sit on command! https://t.co/mRGtuk0zqh,10,BBC
0.6808,Sun Mar 11 10:02:15 +0000 2018,0.0,0.789,0.211,"RT @BBC6Music: ? 6 Music launched 16 years ago today. 

When you turned 16, which album did you think was a masterpiece? Do you still love…",11,BBC
0.0,Sun Mar 11 09:38:23 +0000 2018,0.0,1.0,0.0,"RT @1Xtra: The new breed a dancehall artist @thebellablair performs for @davidrodigan #1XtraJamaica 

?? https://t.co/MrnHDz2ZyL https://t.…",12,BBC
0.7847,Sun Mar 11 09:35:38 +0000 2018,0.0,0.743,0.257,"RT @BBCRadio3: ""To my first Love, my Mother, on whose knee
I learnt love-lore that is not troublesome""
Christina Rossetti's 'Sonnets are fu…",13,BBC
0.5803,Sun Mar 11 09:33:16 +0000 2018,0.0,0.869,0.131,RT @TWBBC: Fry-up anyone?  ??? Did you know just 1.5 sausages could reduce your lifespan by 30 minutes? But 2-3 cups of coffee could gain y…,14,BBC
0.0,Sun Mar 11 09:30:10 +0000 2018,0.0,1.0,0.0,During the Middle Ages the custom developed of allowing people who had moved away to return and visit their mothers… https://t.co/UQD2ySeRH4,15,BBC
0.0,Sun Mar 11 08:32:02 +0000 2018,0.0,1.0,0.0,?? Singing is for everyone... even if you can't sing. https://t.co/eVIdGhswUT,16,BBC
0.8176,Sun Mar 11 08:02:00 +0000 2018,0.0,0.737,0.263,"?? Happy #MothersDay to all of the amazing mums out there, the mums-to-be and the mums who live on in our hearts.… https://t.co/v9yrzvfhqO",17,BBC
0.784,Sun Mar 11 08:00:48 +0000 2018,0.0,0.734,0.266,"RT @BBCWales: ? What better way to say Happy Mother's Day than with a marvellous marshmallow bouquet! ?

? Let little hands tackle this tas…",18,BBC
0.765,Sun Mar 11 07:49:57 +0000 2018,0.0,0.602,0.398,RT @BBCTwo: Celebrate #MothersDay with the #Motherland guide to good parenting... ? https://t.co/GMZLEfWuaF,19,BBC
0.4019,Sun Mar 11 02:07:01 +0000 2018,0.0,0.838,0.162,"RT @bbcasiannetwork: ?The Desi party don't start until you've heard @jennyjohalmusic singing 'Narma'  ? 
#AsianNetworkLive https://t.co/lah…",20,BBC
0.6783,Sat Mar 10 20:43:01 +0000 2018,0.0,0.828,0.172,"RT @BBCRadio2: She did it! Over 300 miles cycled. Over £500,000 raised so far for @SportRelief.

@ZoeTheBall, we are so proud! ?

Donate to…",21,BBC
-0.4019,Sat Mar 10 20:41:35 +0000 2018,0.137,0.863,0.0,"RT @BBCTwo: A shocking moment in history that changed the fashion world forever.

#ACSVersace continues Wednesday, 9pm, @BBCTwo. https://t.…",22,BBC
0.4588,Sat Mar 10 20:40:14 +0000 2018,0.0,0.842,0.158,"RT @BBCWales: Meet YouTube superstar @Gonth93

? Welcome to the world of #YoungWelshPrettyMinted ?

Tonight, 10.35pm - @BBCOne Wales
Availa…",23,BBC
0.4605,Sat Mar 10 20:28:00 +0000 2018,0.155,0.552,0.293,"RT @bbcrb: This. Is. So. Cute! ?
Who wouldn't love a tiny meal like this! ?? https://t.co/73t4rhbopo",24,BBC
0.6588,Sat Mar 10 20:27:17 +0000 2018,0.0,0.785,0.215,"RT @BBCScotland: Cathy's been having a great time at the spa! ??

Watch #TwoDoorsDown on @BBCiPlayer - https://t.co/JgbkHFXufb https://t.co…",25,BBC
0.4106,Sat Mar 10 20:25:58 +0000 2018,0.0,0.82,0.18,"RT @bbcasiannetwork: ? Don't miss a single bit of #AsianNetworkLive? 
Here's how to make sure you catch ALL the action ? https://t.co/AZIif…",26,BBC
-0.8316,Sat Mar 10 20:24:22 +0000 2018,0.281,0.719,0.0,RT @BBCiPlayer: Police officer Kris was left paralysed after being hit by a van in the Westminster bridge terrorist attack. Seven months la…,27,BBC
0.5267,Sat Mar 10 20:24:07 +0000 2018,0.0,0.815,0.185,"RT @BBCSport: Ireland have been crowned Six Nations champions with a match to spare.

https://t.co/YFyOxSY0Tp #SixNations https://t.co/K34r…",28,BBC
0.0,Sat Mar 10 18:11:11 +0000 2018,0.0,1.0,0.0,"RT @bbcasiannetwork: ?#AsianNetworkLive is taking over the airwaves tonight!
Catch all the action from
? 6pm on @bbcasiannetwork
? 7pm on @…",29,BBC
0.0,Sat Mar 10 18:10:57 +0000 2018,0.0,1.0,0.0,"RT @bbcasiannetwork: Which #AsianNetworkLive performance can't you wait for? ? 
? @jaysean
? @JasmineSandlas
? @lottoboyzz_
? @omgAdamSaleh…",30,BBC
0.0,Sat Mar 10 18:00:13 +0000 2018,0.0,1.0,0.0,?? Glass from the past. https://t.co/stRtHiAGGI,31,BBC
0.0,Sat Mar 10 17:00:18 +0000 2018,0.0,1.0,0.0,"??? A different portrait of black fatherhood. 
? https://t.co/SX1Lbqsss0 https://t.co/WQnNbAfIYK",32,BBC
-0.7783,Sat Mar 10 16:30:07 +0000 2018,0.63,0.37,0.0,Have we got depression wrong? https://t.co/yFPp67xmxe,33,BBC
0.8805,Sat Mar 10 15:59:11 +0000 2018,0.0,0.596,0.404,"RT @mixital: Enjoying @BBCOne’s Troy? 

Join our new creative challenge &amp; create your own #Troy art! Grab images from our website, make the…",34,BBC
-0.5411,Sat Mar 10 15:53:39 +0000 2018,0.127,0.873,0.0,"RT @BBCWales: 'Feel the fear and do it anyway'

That's Dilys's motto, and she's the @GWR holder for the Oldest Woman Skydiver in the world!…",35,BBC
0.1511,Sat Mar 10 15:32:03 +0000 2018,0.0,0.91,0.09,"?? The robots are coming! 

And this time they want to design and assemble your furniture. ? https://t.co/naCu7LJ0Mf",36,BBC
-0.3818,Sat Mar 10 15:00:05 +0000 2018,0.11,0.89,0.0,??? The pine marten has emerged as an unlikely ally for the beleaguered native red squirrel in its battle with the… https://t.co/aaJ1XuLJ78,37,BBC
0.0,Sat Mar 10 14:00:08 +0000 2018,0.0,1.0,0.0,? Do you know how many calories were in your lunch?https://t.co/ouomQAA92I,38,BBC
-0.5859,Sat Mar 10 13:14:03 +0000 2018,0.231,0.769,0.0,"Hindered by short-term memory loss, a man struggles to piece his life back together after his wife's murder.… https://t.co/IDASykaROO",39,BBC
-0.4588,Sat Mar 10 13:00:04 +0000 2018,0.75,0.25,0.0,"Heartbreaking. 
https://t.co/W8GJNKq8rm",40,BBC
0.4926,Sat Mar 10 13:00:03 +0000 2018,0.0,0.653,0.347,?? @GordonRamsay's daughter got him good! https://t.co/0dqwntX5uj,41,BBC
0.3724,Sat Mar 10 13:00:03 +0000 2018,0.0,0.758,0.242,"??? We're not crying... you're crying. 
#TheSilentChild #Oscars https://t.co/ienD3dDtKX",42,BBC
-0.5859,Sat Mar 10 13:00:03 +0000 2018,0.26,0.667,0.073,? Baptism at this church can be a matter of life and death. https://t.co/aEsVqMUPQ2,43,BBC
0.0,Sat Mar 10 12:00:04 +0000 2018,0.0,1.0,0.0,Don't look down! ? https://t.co/r4ChPajO4A,44,BBC
-0.3284,Sat Mar 10 11:59:24 +0000 2018,0.147,0.79,0.063,"RT @BBCRadioWales: ""The pain is so severe it feels like my body wants to explode."" 

#Endometriosis is as common as asthma but it takes, on…",45,BBC
-0.3256,Sat Mar 10 11:58:56 +0000 2018,0.175,0.727,0.098,"RT @BBCSpringwatch: We LOVE hedgehogs, but over the last decade we have lost over 40% of our prickly neighbours ? Billy's here to give us a…",46,BBC
0.0,Sat Mar 10 11:46:40 +0000 2018,0.0,1.0,0.0,"RT @bbcasiannetwork: ?? #AsianNetworkLive is TONIGHT! We are so excited!?? 
? Broadcasting live from ?6pm? on Asian Network and 
?7pm? on @…",47,BBC
0.0,Sat Mar 10 11:44:35 +0000 2018,0.0,1.0,0.0,RT @BBCAfrica: Could Nigeria's animation houses become as big as Nollywood? #Nigeria #Animation #Yoruba #Lagos #cartoons https://t.co/3Htr9…,48,BBC
0.0,Sat Mar 10 11:43:36 +0000 2018,0.0,1.0,0.0,RT @bbcthree: This woman is leading the #disabilibabe movement https://t.co/FlgCordJaC,49,BBC
0.5719,Sat Mar 10 11:43:31 +0000 2018,0.0,0.821,0.179,RT @BBCArchive: #OnThisDay 1977: Still searching for the perfect Mother's Day present? We humbly suggest a homemade thermodynamicizer - jus…,50,BBC
0.8356,Sat Mar 10 11:43:23 +0000 2018,0.0,0.655,0.345,"RT @bbcthesocial: Greg is 23 years old and a world piping champion. #IntoIt

Happy International Bagpipe Day! https://t.co/74f3USdg3H",51,BBC
-0.3818,Sat Mar 10 10:56:03 +0000 2018,0.133,0.867,0.0,"From boar hair toothbrushes to beeswax food wrap, here's how you can dump the disposable plastics ?… https://t.co/ydpoHWlJxA",52,BBC
0.0,Sat Mar 10 10:00:03 +0000 2018,0.0,1.0,0.0,"How is plastic affecting seabirds? 
#OurBluePlanet #BluePlanet2 https://t.co/bcvGKZjsJF",53,BBC
0.4173,Sat Mar 10 09:00:06 +0000 2018,0.0,0.888,0.112,Do you have a secret British accent? ?Take this quiz and we’ll pinpoint which part of the UK you most sound like yo… https://t.co/fiZDg5pK85,54,BBC
0.4404,Sat Mar 10 07:59:00 +0000 2018,0.0,0.756,0.244,"? 1 year ago today the world became a better place.
#BBCdad https://t.co/Q5I70XxT7T",55,BBC
0.0,Fri Mar 09 19:03:04 +0000 2018,0.0,1.0,0.0,"A new gardening year is beginning at Longmeadow. ????

Gardener's World | 8:30pm | @BBCTwo | https://t.co/R2ZqqlaEbQ https://t.co/A9Q43XOoxh",56,BBC
0.5719,Fri Mar 09 18:00:10 +0000 2018,0.0,0.764,0.236,? @MabelMcVey covering @Coldplay's 'Fix You' in the Live Lounge is just perfect. ? https://t.co/Sk9yMymZZs,57,BBC
0.0,Fri Mar 09 17:18:55 +0000 2018,0.0,1.0,0.0,"RT @bbcthesocial: Instead of a plastic straw, why not use a condom? ? https://t.co/XBtyZHdfkb",58,BBC
0.4939,Fri Mar 09 17:00:10 +0000 2018,0.0,0.656,0.344,"Want to improve your persuasion powers? 

? Just watch a cat. https://t.co/vA9asFlD9g",59,BBC
0.3818,Fri Mar 09 16:56:32 +0000 2018,0.0,0.874,0.126,RT @bbcworldservice: These images of women on their period are greeting commuters in Stockholm. For more listen/download ?: https://t.co/FL…,60,BBC
0.5848,Fri Mar 09 16:56:13 +0000 2018,0.0,0.807,0.193,"RT @bbcwritersroom: ""I felt like a real writer by the end of it!"" 

Find out how we created 6 #Comedy monologues for @bbcasiannetwork #Asia…",61,BBC
0.0,Fri Mar 09 16:53:47 +0000 2018,0.0,1.0,0.0,"RT @BBCScotland: ""If there is a real live superwoman, she is it.""

Meet the surgeon who walked for eight miles in the heavy snow so she cou…",62,BBC
0.0,Fri Mar 09 16:39:50 +0000 2018,0.0,1.0,0.0,RT @BBCFOUR: Are we really born to prefer 'boys' or 'girls' toys? The answer might lie with monkeys... https://t.co/TPHeE7cStK,63,BBC
0.4939,Fri Mar 09 14:30:07 +0000 2018,0.0,0.842,0.158,Noel and Liam Gallagher will headline @BBCRadio2's stages at the BBC's Biggest Weekend Festival in May ??… https://t.co/q7YblDKT2N,64,BBC
-0.4404,Fri Mar 09 14:00:18 +0000 2018,0.178,0.822,0.0,?? The packaging industry in England has been accused of exaggerating the amount of its plastic that gets recycled.… https://t.co/lHpw5rVHub,65,BBC
0.7783,Fri Mar 09 13:30:05 +0000 2018,0.0,0.672,0.328,Over 80 but as healthy as a 20-year-old: How exercise in old age prevents the immune system from declining… https://t.co/jABPPvkafN,66,BBC
0.0,Fri Mar 09 12:30:02 +0000 2018,0.0,1.0,0.0,"It took almost a year to get to the final look of Snoke. 
#StarWars #TheLastJedi https://t.co/o6ttTvHdQy",67,BBC
0.0,Fri Mar 09 12:13:43 +0000 2018,0.0,1.0,0.0,RT @BBCWorld: Winter Paralympics opening ceremony begins in Pyeongchang https://t.co/VP4W2q1Hhe,68,BBC
0.5719,Fri Mar 09 11:51:14 +0000 2018,0.0,0.684,0.316,RT @bbcthree: BBC Three presents Perfect Day #perfectday2018 https://t.co/oFgg0vJJgP,69,BBC
0.6114,Fri Mar 09 11:36:57 +0000 2018,0.0,0.637,0.363,"RT @BBCR1: Happy Birthday, Suga @BTS_twt! ??? https://t.co/7Al640sBgB",70,BBC
0.5859,Fri Mar 09 11:03:23 +0000 2018,0.0,0.863,0.137,RT @bbcarts: ? This is the amazing moment when eight London teenagers hear an #opera singer in the flesh for the first time. Watch the full…,71,BBC
0.0,Fri Mar 09 11:00:05 +0000 2018,0.0,1.0,0.0,"""For the first time, we think we’re actually able to recreate real living heart tissue which is identical to that o… https://t.co/kGIMWWBf4z",72,BBC
0.0,Fri Mar 09 10:15:05 +0000 2018,0.0,1.0,0.0,The #BiggestWeekend lineup just got bigger! More artists have been added to all four locations including… https://t.co/5G2GqBHkHK,73,BBC
0.4389,Fri Mar 09 09:00:04 +0000 2018,0.0,0.806,0.194,? This Lancashire farmer revives frozen lambs by sticking them inside an oven! https://t.co/z1UvoIiRXY,74,BBC
0.0,Fri Mar 09 08:30:08 +0000 2018,0.0,1.0,0.0,"?? The world's oldest known message in a bottle has been found, almost 132 years after it was thrown into the sea.… https://t.co/fHdTDbK2Mg",75,BBC
0.4404,Fri Mar 09 08:00:05 +0000 2018,0.0,0.734,0.266,??? Fruit tea is good for you. Right...? https://t.co/YExPNJG6bE,76,BBC
0.0,Thu Mar 08 21:28:00 +0000 2018,0.0,1.0,0.0,"This Ancient Egyptian pharaoh invested more in images of himself than any other ruler, and for him, size really did… https://t.co/IUlHKvTATa",77,BBC
0.4019,Thu Mar 08 20:33:04 +0000 2018,0.0,0.856,0.144,"Jack Jarvis and Victor McDade are back for another hilarious six-part series. 

#StillGame | 9:30pm | @BBCOne |… https://t.co/zFtd4VQyKL",78,BBC
0.0,Thu Mar 08 20:03:04 +0000 2018,0.0,1.0,0.0,"Lucy and Lee are back! ??

#NotGoingOut | 9pm | @BBCOne | https://t.co/dUnnFaIoci https://t.co/gSpTMCPrSC",79,BBC
0.0,Thu Mar 08 18:00:06 +0000 2018,0.0,1.0,0.0,"What advice would YOU give your younger self? ?

#InternationalWomensDay #IWD2018 https://t.co/vIwPLtzTbO",80,BBC
-0.1027,Thu Mar 08 17:30:11 +0000 2018,0.177,0.664,0.159,"In recognition of International Women’s Day, a playlist in celebration of the funniest, saddest and most significan… https://t.co/4WCrxvJxFY",81,BBC
0.0,Thu Mar 08 17:00:09 +0000 2018,0.0,1.0,0.0,"? More than half of the UK can't name a famous woman in science. 

Time to change that. 
? https://t.co/3HVhvFaxaT… https://t.co/KL0D1vIw8S",82,BBC
0.5719,Thu Mar 08 16:30:05 +0000 2018,0.0,0.764,0.236,"??? Lotte Reiniger is the unsung heroine of early animation. 

#InternationalWomensDay #IWD2018 https://t.co/Z4qDFWXcCS",83,BBC
0.5803,Thu Mar 08 16:05:42 +0000 2018,0.0,0.819,0.181,"RT @BBCMOTD: Favourite emoji?
Champions League or World Cup?

@TekkerzKid quizzes @ManUtd striker @MarcusRashford for #BBCOwnIt.

? Check o…",84,BBC
0.0,Thu Mar 08 15:30:09 +0000 2018,0.0,1.0,0.0,"??? The story of the fall and rise of women's football, told through 10 objects collected by the National… https://t.co/xOi8wNW64N",85,BBC
0.0,Thu Mar 08 15:09:13 +0000 2018,0.0,1.0,0.0,"RT @bbcmusic: ? @Camila_Cabello just dropped the video for 'Never Be The Same' ?
What do you think?

Watch ? https://t.co/gv60m6x9Wk https:…",86,BBC
0.0,Thu Mar 08 15:00:05 +0000 2018,0.0,1.0,0.0,"Nine-year-old Lola thinks more girls should take up skateboarding.

Lola is rad. ??

#InternationalWomensDay… https://t.co/EeOygOVfoh",87,BBC
-0.4588,Thu Mar 08 14:30:02 +0000 2018,0.143,0.857,0.0,"?? #AnnieSwynnerton: The woman who forced open the male art world and blazed a trail for female artists.
?… https://t.co/rHDoqWL4iI",88,BBC
0.0,Thu Mar 08 13:30:05 +0000 2018,0.0,1.0,0.0,"?? These women are pushing young girls into school, not marriage. 

#InternationalWomensDay #IWD2018 https://t.co/TIf5lbu3GZ",89,BBC
0.0,Thu Mar 08 13:09:22 +0000 2018,0.0,1.0,0.0,"RT @bbcworldservice: In Senegal, graffiti artist Zeinixx is campaigning for women's rights... with spray paint. ?? https://t.co/cy2ddCmEKo",90,BBC
-0.5994,Thu Mar 08 13:02:03 +0000 2018,0.145,0.855,0.0,"RT @bbc5live: “That was the end of my childhood”

Money saving expert @MartinSLewis opens up to @tonylivesey about the death of his mum, th…",91,BBC
0.0,Thu Mar 08 13:00:08 +0000 2018,0.0,1.0,0.0,? ?Grime through time: A brief history of one of the biggest music genres to come out of the UK https://t.co/876CsOCFsa,92,BBC
0.0,Thu Mar 08 12:34:42 +0000 2018,0.0,1.0,0.0,"RT @BBCRadio4: Ten female authors who changed sci-fi: https://t.co/r5s1mqYrQD
#IWD2018 https://t.co/cQxHsT9c3E",93,BBC
0.0,Thu Mar 08 12:30:04 +0000 2018,0.0,1.0,0.0,"Thousands of women in the UK can't afford to buy tampons and towels. 

#InternationalWomensDay #IWD2018 https://t.co/66P7IrZ9lB",94,BBC
0.4753,Thu Mar 08 12:00:02 +0000 2018,0.0,0.795,0.205,"????? Building future engineers - it's a lot easier than you think! 

#BitzAndBob | @CbeebiesHQ https://t.co/YV3kTIj0Dx",95,BBC
0.5859,Thu Mar 08 11:46:51 +0000 2018,0.0,0.789,0.211,"RT @BBCR1: ??? 

Who's ready for @thegreatkhalid in the Live Lounge?

Make sure you're listening to @claraamfo at 12pm ? https://t.co/48Ruy…",96,BBC
0.0,Thu Mar 08 11:00:05 +0000 2018,0.0,1.0,0.0,"Life advice from one of our all-time favourite women, @DawnFrenchUK.  

#InternationalWomensDay #IWD2018 https://t.co/MAOUgpWb7J",97,BBC
0.6996,Thu Mar 08 10:54:28 +0000 2018,0.0,0.721,0.279,RT @bbcthree: Happy International Women’s Day! Here's @StaceyDooley with some top tips for aspiring broadcasters #IWD2018 https://t.co/Rbq7…,98,BBC
0.0,Thu Mar 08 10:32:59 +0000 2018,0.0,1.0,0.0,RT @bbcarts: Clay artist @_PhoebeCummings launches her new incredible new work on #InternationalWomensDay. Audiences can watch as the sculp…,99,BBC
0.4926,Fri Mar 09 22:48:26 +0000 2018,0.0,0.883,0.117,RT @DierksBentley: Take and post a photo of the woman in your life who inspires you daily! Use the hashtag #WomanAmenACM in your post for a…,0,CBS
0.1275,Fri Mar 09 22:24:20 +0000 2018,0.092,0.795,0.113,"RT @MomCBS: If you missed guest star @KChenoweth in the latest episode of #Mom, not to worry! Watch now: https://t.co/RlvXoGOZ0l https://t.…",1,CBS
0.4215,Fri Mar 09 21:10:21 +0000 2018,0.0,0.823,0.177,"Give a round of applause to @KelseaBallerini, @MirandaLambert, @Reba, @MarenMorris, and @CarrieUnderwood, the five… https://t.co/Ncp1BTXx6N",2,CBS
0.8658,Fri Mar 09 18:27:28 +0000 2018,0.0,0.553,0.447,"RT @thegoodfight: Smart, sexy, and sophisticated. See what's coming this season on #TheGoodFight. https://t.co/CuKhx2G50P https://t.co/ygTI…",3,CBS
0.0,Fri Mar 09 16:02:27 +0000 2018,0.0,1.0,0.0,RT @BlueBloods_CBS: Even stand-up guys fall down sometimes. #BlueBloods is new tonight at 10/9c! https://t.co/UOlDm22wWW,4,CBS
0.8625,Thu Mar 08 18:00:49 +0000 2018,0.0,0.664,0.336,Today and every day we celebrate the women in our lives who empower and inspire us. Share a story about an influent… https://t.co/9rVtqrElvT,5,CBS
0.4926,Thu Mar 08 17:03:04 +0000 2018,0.0,0.868,0.132,Take and post a photo of the woman in your life who inspires you daily! Use the hashtag #WomanAmenACM in your post… https://t.co/7ShhvE48zy,6,CBS
-0.2023,Wed Mar 07 18:39:10 +0000 2018,0.23,0.619,0.15,"RT @thegoodfight: Meticulously constructed. Soapy &amp; sexy. Intoxicating, savage television. ? Here's what critics are saying about #TheGoodF…",7,CBS
0.0,Wed Mar 07 17:06:02 +0000 2018,0.0,1.0,0.0,"This just in! @Jason_Aldean, @mirandalambert, @LukeBryanOnline, and many more are set to perform at the 53rd Academ… https://t.co/mfxw2VxzU4",8,CBS
0.6705,Tue Mar 06 18:10:59 +0000 2018,0.0,0.756,0.244,"Meet the ensemble of talented actors slated to join $1, a new mystery series coming to CBS All Access:… https://t.co/QoyYv7vxwg",9,CBS
0.3818,Mon Mar 05 22:16:43 +0000 2018,0.0,0.833,0.167,"Will @Jason_Aldean, @garthbrooks, @LukeBryanOnline, @ChrisStapleton, or @KeithUrban be named Entertainer Of The Yea… https://t.co/rMD8zjeX3s",10,CBS
0.4404,Sun Mar 04 08:05:26 +0000 2018,0.0,0.884,0.116,"RT @thegoodfight: It feels good to be back. ??? The season 2 premiere of #TheGoodFight is now streaming, exclusively on CBS All Access: htt…",11,CBS
0.0,Sat Mar 03 20:55:20 +0000 2018,0.0,1.0,0.0,"RT @thegoodfight: Tomorrow, #TheGoodFight is back. Stream the season 2 premiere only on CBS All Access: https://t.co/tNFR8LBJO2 https://t.c…",12,CBS
0.7096,Fri Mar 02 22:30:01 +0000 2018,0.0,0.753,0.247,"Who are the trailblazing women in your life that inspire you? Join CBS and the ANA's #SeeHer initiative, celebratin… https://t.co/M0KqZ41Bes",13,CBS
0.7096,Fri Mar 02 20:30:01 +0000 2018,0.0,0.718,0.282,"Join @maria_bello, @aishatyler and @TeaLeoni in celebrating the accomplishments of women who have contributed to th… https://t.co/MefESBeFL3",14,CBS
0.4939,Fri Mar 02 18:45:00 +0000 2018,0.0,0.849,0.151,"In honor of Women's History Month, CBS and the Association of National Advertisers' (ANA) #SeeHer initiative will p… https://t.co/2wtYxKJVuO",15,CBS
-0.6981,Thu Mar 01 18:59:01 +0000 2018,0.21,0.79,0.0,RT @ZoeListerJones: Tonight’s an all new Life In Pieces and it’s directed by my ride or die @nataliaanderson!!!… https://t.co/2LPfmyLWrY,16,CBS
0.4547,Thu Mar 01 18:12:57 +0000 2018,0.092,0.749,0.159,"RT @MarenMorris: Hot damn! Woke up from my post-wisdom teeth haze to find out I’m up for 4 @ACMawards ! So honored, especially for the Dear…",17,CBS
0.8591,Thu Mar 01 18:11:50 +0000 2018,0.0,0.462,0.538,RT @KelseaBallerini: Ohhhhh goodness. Incredible. Thank you thank you thank you. #female https://t.co/1ZTYjNfQeF,18,CBS
0.4885,Thu Mar 01 18:10:50 +0000 2018,0.151,0.615,0.234,RT @KeithUrban: ACMs...... HOLY SMOKES!!!!! MAD LOVE TO U ALL THIS MORNING  FOR THESE INCREDIBLE NOMINATIONS. I’M EXTREMELY GRATEFUL!!!!!!!…,19,CBS
0.5994,Thu Mar 01 14:36:21 +0000 2018,0.0,0.822,0.178,"RT @ACMawards: Congratulations to this year’s #ACMawards Video of the Year nominees:
“Black” - @DierksBentley
“It Ain’t My Fault” - @Brothe…",20,CBS
0.7717,Thu Mar 01 14:29:20 +0000 2018,0.0,0.675,0.325,"RT @ACMawards: Please give a round of applause to this year’s #ACMawards Entertainer of the Year nominees: @Jason_Aldean, @GarthBrooks, @Lu…",21,CBS
0.6908,Thu Mar 01 14:15:29 +0000 2018,0.0,0.725,0.275,".@ChrisStapleton, @ThomasRhett, @mirandalambert and more are all nominated for awards at Country Music's Party of t… https://t.co/Vm1vXRUDYJ",22,CBS
0.0,Thu Mar 01 13:50:11 +0000 2018,0.0,1.0,0.0,"The Queen of Country, @Reba, is returning to host the 53rd #ACMawards on Sunday, April 15 at 8/7c. Here are a few o… https://t.co/Iqzz6Gql01",23,CBS
0.0,Thu Mar 01 01:04:52 +0000 2018,0.0,1.0,0.0,RT @survivorcbs: It’s time! #Survivor https://t.co/YPk6cGWrUA,24,CBS
0.0,Wed Feb 28 19:56:58 +0000 2018,0.0,1.0,0.0,"RT @CBSThisMorning: TOMORROW: The nominees for the 2018 @ACMawards will be announced live by the one-and-only, @Reba! 

Watch on @CBS in ou…",25,CBS
0.4404,Wed Feb 28 19:08:30 +0000 2018,0.0,0.884,0.116,"RT @thegoodfight: From the set design and costumes to hair and makeup, the production quality is truly next-level. Take a peek inside the u…",26,CBS
0.5562,Tue Feb 27 03:23:47 +0000 2018,0.0,0.848,0.152,RT @LivinBiblically: The fun continues on Facebook! The #LivingBiblically cast is live to talk about tonight’s premiere. Tune in here: http…,27,CBS
0.0,Mon Feb 26 22:50:32 +0000 2018,0.0,1.0,0.0,"RT @KevinCanWaitCBS: Can you get all the way through these #KevinCanWait bloopers without laughing?! @KevinJames,@LeahRemini and the rest o…",28,CBS
0.0,Mon Feb 26 21:08:30 +0000 2018,0.0,1.0,0.0,"RT @ACMawards: That’s right! @Reba is headed to @CBSThisMorning on Thursday, March 1 to announce this year’s #ACMAwards' nominees. Tune in…",29,CBS
0.4482,Mon Feb 26 19:53:41 +0000 2018,0.0,0.895,0.105,"RT @ScorpionCBS: You can't hack your way to a 197 IQ, but you are well on your way with these Genius Facts from #TeamScorpion! ? You can be…",30,CBS
0.784,Mon Feb 26 18:32:36 +0000 2018,0.0,0.734,0.266,RT @SuperiorDonuts: You can always count on @DavidKoechner for a laugh! Did your favorite Tush moment make the list? Catch a new #SuperiorD…,31,CBS
0.9359,Mon Feb 26 18:20:16 +0000 2018,0.0,0.571,0.429,RT @TheTalkCBS: TODAY: We loved them together then &amp; we love seeing them together now! Welcome back to the show @THESaraGilbert?'s good fri…,32,CBS
-0.5423,Mon Feb 26 16:53:56 +0000 2018,0.184,0.816,0.0,"RT @thegoodfight: As foundations begin to crumble, our characters struggle to make sense of this new dystopian world. The cast teases what'…",33,CBS
0.0,Mon Feb 26 16:52:01 +0000 2018,0.0,1.0,0.0,"#LivingBiblically's @linzkraft and @jrfergjr appeared on @KCBS's Facebook Live this morning, talking all about what… https://t.co/4RebcHuuMQ",34,CBS
0.0,Mon Feb 26 16:17:55 +0000 2018,0.0,1.0,0.0,"RT @CBSSports: Introducing CBS Sports HQ, a New 24/7 Direct-to-Consumer Streaming Network for Sports News, Highlights, &amp; Analysis.

Stream…",35,CBS
0.7644,Mon Feb 26 01:12:32 +0000 2018,0.0,0.769,0.231,"RT @CBSBigBrother: It’s down to the final 5 celebrity Houseguests, and anyone could take home the grand prize! Tune in NOW to watch the #BB…",36,CBS
0.0,Sun Feb 25 21:51:32 +0000 2018,0.0,1.0,0.0,RT @startrekcbs: Binge the entire first season of #StarTrekDiscovery. All episodes now streaming exclusively on CBS All Access: https://t.c…,37,CBS
0.0,Sun Feb 25 21:51:22 +0000 2018,0.0,1.0,0.0,"RT @thegoodfight: #TheGoodFight returns in 1 week. Season 2 premieres Sunday, March 4. https://t.co/nomCao1GWp https://t.co/BOn6bOe9Tb",38,CBS
0.5093,Fri Feb 23 18:15:40 +0000 2018,0.0,0.845,0.155,RT @thegoodfight: This is our new favorite thing. Christine Baranski debuted #TheGoodFight the Musical on @colbertlateshow last night! ??…,39,CBS
0.0,Thu Feb 22 19:26:52 +0000 2018,0.0,1.0,0.0,"RT @LivinBiblically: Confession time: have YOU ever hit the ""close door"" button in an elevator while somebody was approaching? The cast of…",40,CBS
0.0,Wed Feb 21 19:20:04 +0000 2018,0.0,1.0,0.0,RT @CBSEyeSpeak: Mark your calendars! #CBSEyeSpeak kicks off March 14 with The EYE Speak Summit. Follow our page for more details! https://…,41,CBS
0.6808,Wed Feb 21 18:19:25 +0000 2018,0.0,0.752,0.248,"RT @CBSEyeSpeak: Proud to announce a new CBS initiative, promoting female empowerment and developing the next generation of leaders through…",42,CBS
0.4404,Tue Feb 20 19:55:19 +0000 2018,0.0,0.884,0.116,"RT @LivinBiblically: When you're living by the Bible, it's good to have a priest and a rabbi on call (provided they answer their phones, th…",43,CBS
-0.4019,Tue Feb 20 17:58:18 +0000 2018,0.119,0.881,0.0,"RT @thegoodfight: Chicago lawyers are being hunted and the world is going insane. 

The new season of #TheGoodFight premieres Sunday, March…",44,CBS
0.3612,Tue Feb 20 17:39:51 +0000 2018,0.0,0.872,0.128,Ready for some larger than life competition? This new series from @MarkBurnettTV will premiere in summer 2018.… https://t.co/gDXHLdIJ5v,45,CBS
0.6124,Sat Feb 17 01:07:20 +0000 2018,0.0,0.773,0.227,"With tournament dreams on the line, make sure to stream these college basketball matchups on CBS All Access:… https://t.co/SGkYUZrQWB",46,CBS
0.3182,Fri Feb 16 18:42:43 +0000 2018,0.0,0.892,0.108,"RT @LivinBiblically: While Chip's sticking to the Bible's original rules, the cast of #LivingBiblically has given them a more modern makeov…",47,CBS
0.68,Fri Feb 16 17:48:20 +0000 2018,0.0,0.752,0.248,"Casting News! Peter Mark Kendall, Michael Gaston, Greg Wise, Rade Šerbedžija, Zack Pearlman, and Keye Chen join the… https://t.co/GFob2KrD8H",48,CBS
0.8619,Wed Feb 14 19:23:27 +0000 2018,0.0,0.534,0.466,RT @BullCBS: The verdict is in...#Bull is the perfect Valentine! ?? Happy #ValentinesDay! https://t.co/poEejI4AnC,49,CBS
0.0,Tue Feb 13 20:03:56 +0000 2018,0.0,1.0,0.0,"RT @NoActivityCBS: Car 27 reporting: Season 2 of #NoActivity coming soon!

Binge season one now on CBS All Access: https://t.co/yvxoQMeyhN…",50,CBS
0.7506,Tue Feb 13 18:54:52 +0000 2018,0.0,0.748,0.252,"RT @LivinBiblically: Against all odds (and the advice of his God Squad), Chip is determined to live life by the Good Book. Think you could…",51,CBS
0.0,Mon Feb 12 18:49:45 +0000 2018,0.0,1.0,0.0,RT @thegoodfight: Christine Baranski reflects upon the spectacular metamorphosis of her character in #TheGoodFight's first season. Revisit…,52,CBS
0.0,Mon Feb 12 01:32:33 +0000 2018,0.0,1.0,0.0,RT @startrekcbs: Binge the entire first season of #StarTrekDiscovery. All 15 episodes now streaming on CBS All Access: https://t.co/lKLaptP…,53,CBS
0.8478,Fri Feb 09 00:50:01 +0000 2018,0.0,0.696,0.304,RT @SuperiorDonuts: Looking for a #Valentine? Tush is here to help you land your dream date just in time for the day of love! #SuperiorDonu…,54,CBS
-0.5859,Thu Feb 08 16:09:35 +0000 2018,0.186,0.814,0.0,RT @CBSBigBrother: The pressure is on as the Houseguests battle each other for victory in the first HOH competition. Stream the season prem…,55,CBS
0.0516,Wed Feb 07 18:35:19 +0000 2018,0.0,0.934,0.066,"RT @startrekcbs: Sunday, this season's epic journey reaches its final reckoning. Catch up before the season finale: https://t.co/4Ea5wpmAep…",56,CBS
0.5574,Wed Feb 07 16:17:48 +0000 2018,0.152,0.536,0.312,"Are you a sucker for jaw-dropping talent competitions? Announcing The World's Best, a first-of-its-kind new global… https://t.co/fagCMklm2Z",57,CBS
0.0,Tue Feb 06 22:21:39 +0000 2018,0.0,1.0,0.0,"RT @BullCBS: Tonight, one of these 3 TAC employees will end up incarcerated. Who do you think it will be? Tune into a new episode of #Bull…",58,CBS
0.0772,Tue Feb 06 17:05:49 +0000 2018,0.106,0.773,0.121,"RT @thegoodfight: There's no season like lawyer season. #TheGoodFight returns March 4, exclusively on CBS All Access. https://t.co/XAlrg1nB…",59,CBS
0.0,Sun Feb 04 15:35:36 +0000 2018,0.0,1.0,0.0,"RT @thegoodfight: The acclaimed series returns in 1 month. #TheGoodFight is back Sunday, March 4. https://t.co/5BNLTYRd8p https://t.co/yInP…",60,CBS
0.1531,Sun Feb 04 12:00:01 +0000 2018,0.0,0.882,0.118,".@KeshaRose's emotional performance with @CyndiLauper, @AndraDayMusic, @BebeRexha and @Camila_Cabello brought the a… https://t.co/qpgS2e9ir0",61,CBS
0.0,Sat Feb 03 23:11:43 +0000 2018,0.0,1.0,0.0,Broadway legend Patti LuPone paid tribute to Sir Andrew Lloyd Webber with a show-stopping rendition of the iconic s… https://t.co/GxqLtUzhFP,62,CBS
0.8268,Sat Feb 03 12:00:07 +0000 2018,0.0,0.662,0.338,"Relive an entire night's worth of big wins, live performances and many more inspiring moments from The 60th Annual… https://t.co/CH7mJ4Y3QT",63,CBS
-0.0772,Fri Feb 02 22:36:13 +0000 2018,0.075,0.925,0.0,RT @swatcbs: ?@TheTalkCBS' @TheRealEve and @ShemarMoore brought some serious heat to the GRAMMYs red carpet: https://t.co/WYTITKkLQd https:…,64,CBS
0.4019,Fri Feb 02 20:07:40 +0000 2018,0.0,0.856,0.144,"The all-star collaboration between @Rihanna, @DJKhaled and @brysontiller brought the party to the #GRAMMYs with a s… https://t.co/jTv5QbtgUp",65,CBS
0.4003,Fri Feb 02 19:03:33 +0000 2018,0.0,0.876,0.124,RT @TheTalkCBS: All the #redcarpet looks from the 60th annual #GRAMMYs! Did you catch @TheRealEve's sparkly two-piece suit? Diamond accents…,66,CBS
0.6114,Fri Feb 02 17:23:18 +0000 2018,0.0,0.834,0.166,Go backstage with the celebs and see which stars celebrated the big night together! Here are the moments you missed… https://t.co/rgQTXRQyLg,67,CBS
0.0,Thu Feb 01 22:04:41 +0000 2018,0.0,1.0,0.0,? @DearEvanHansen star Ben Platt gave a soaring performance of a classic Broadway hit. Watch him perform 'Somewhere… https://t.co/HcuizFWo02,68,CBS
0.0,Thu Feb 01 20:09:49 +0000 2018,0.0,1.0,0.0,"? @LittleBigTown, @U2, @BrunoMars and @Pink are just a few of the superstar performers that lit up the stage at The… https://t.co/2v0MNYMItG",69,CBS
0.1139,Wed Jan 31 21:42:15 +0000 2018,0.0,0.912,0.088,"Don't miss country stars Emmylou Harris and @ChrisStapleton perform a moving rendition of @TomPetty's classic song,… https://t.co/GxoIW97XIu",70,CBS
0.1007,Wed Jan 31 17:05:47 +0000 2018,0.115,0.75,0.135,RT @survivorcbs: Get excited! ? It’s finally time to meet the castaways of #Survivor: Ghost Island ? https://t.co/xQQ8ROhKbM https://t.co/P…,71,CBS
0.4588,Wed Jan 31 16:37:17 +0000 2018,0.0,0.812,0.188,"Country stars @EricChurch, @BrothersOsborne and @MarenMorris performed a touching tribute dedicated to the victims… https://t.co/YCIq9i70fd",72,CBS
0.1779,Wed Jan 31 06:55:30 +0000 2018,0.095,0.779,0.126,Missed the Man vs. Beast #SuperBowlCommercials showdown? Catch up now to find out which entertaining ad was named t… https://t.co/SlyO0n7yMX,73,CBS
-0.2263,Wed Jan 31 02:15:16 +0000 2018,0.252,0.569,0.179,"RT @rikimae: Ok, that one makes me cry #superbowlcommercials",74,CBS
-0.4767,Wed Jan 31 01:58:40 +0000 2018,0.256,0.744,0.0,"If this doesn’t make you cry, nothing will. #SuperBowlCommercials https://t.co/UjFf3xr4so",75,CBS
0.4939,Wed Jan 31 01:52:46 +0000 2018,0.119,0.625,0.256,"RT @maverickkr: #superbowlcommercials the frogs were great, I'd forgotten about that one.",76,CBS
0.5093,Wed Jan 31 01:49:43 +0000 2018,0.0,0.81,0.19,"If you haven't voted yet, it's not too late! Choose your favorite here: https://t.co/s4pEIF5IX8… https://t.co/VCa1YHDyYy",77,CBS
0.8261,Wed Jan 31 01:31:27 +0000 2018,0.0,0.566,0.434,RT @5691e44f3b66446: I am having so much fun ...the commercials are awesome #superbowlcommercials,78,CBS
0.8309,Wed Jan 31 01:29:10 +0000 2018,0.0,0.586,0.414,RT @LittleShelbyMae: Love watching the #superbowlcommercials all the animal ones are my favorite!!,79,CBS
0.6588,Wed Jan 31 01:24:16 +0000 2018,0.0,0.614,0.386,RT @PatHale915: Doritos time machine was great!   #superbowlcommercials,80,CBS
-0.5106,Wed Jan 31 01:18:37 +0000 2018,0.398,0.602,0.0,Never make a goat angry. #SuperBowlCommercials https://t.co/xRJssdAErk,81,CBS
0.0,Wed Jan 31 01:17:37 +0000 2018,0.0,1.0,0.0,RT @MsLindsieStarr: That dang goat! #Doritos #superbowlcommercials,82,CBS
0.7525,Wed Jan 31 01:16:15 +0000 2018,0.0,0.651,0.349,Do you remember this Super Bowl commercial featuring @KevinHart4real playing an overprotective father?… https://t.co/ejLnTEG5ug,83,CBS
0.0,Wed Jan 31 01:08:01 +0000 2018,0.0,1.0,0.0,RT @dRoy: Homework will take a break for now. #superbowlcommercials on cbs is on ?,84,CBS
0.8516,Wed Jan 31 01:04:34 +0000 2018,0.0,0.42,0.58,RT @Mixxxalv: Watching #superbowlcommercials let the best win!,85,CBS
0.8442,Wed Jan 31 01:00:35 +0000 2018,0.0,0.649,0.351,Super Bowl Greatest Commercials 2018 hosts @7BOOMERESIASON and @DanielaRuah are moments away from announcing the tw… https://t.co/cKM1WXPc9u,86,CBS
0.923,Wed Jan 31 00:55:04 +0000 2018,0.0,0.594,0.406,It's Man vs. Beast as these classic Super Bowl spots face off tonight on Super Bowl Greatest Commercials 2018! Tune… https://t.co/GcoSAcfeUd,87,CBS
0.5994,Wed Jan 31 00:37:20 +0000 2018,0.0,0.794,0.206,"Tonight, get a first look at #ChrisElliott starring in the new @AvosfromMexico Super Bowl Commercial on… https://t.co/WMEjsZfgdg",88,CBS
0.8834,Wed Jan 31 00:11:53 +0000 2018,0.0,0.593,0.407,"Join @NCISLA's @DanielaRuah and @7BOOMERESIASON on Super Bowl Greatest Commercials 2018, tonight at 8/7c on CBS and… https://t.co/nzVu1FCRc5",89,CBS
0.8553,Tue Jan 30 23:35:01 +0000 2018,0.0,0.724,0.276,Everyone knows the best part of the Super Bowl is the commercials! Find out how to tune in and vote for your favori… https://t.co/KGDYl9oF98,90,CBS
0.8553,Tue Jan 30 21:19:22 +0000 2018,0.0,0.694,0.306,Throw it back to this classic Michael Jordan vs. Larry Bird spot tonight on Super Bowl Greatest Commercials 2018! W… https://t.co/g2H4zV7wIN,91,CBS
0.9215,Tue Jan 30 18:46:04 +0000 2018,0.0,0.609,0.391,"Super Bowl Greatest Commercials 2018 airs tonight! Cast your vote now, then tune in and vote for the winner live at… https://t.co/h4jGpUheP5",92,CBS
0.0,Tue Jan 30 16:00:02 +0000 2018,0.0,1.0,0.0,Remember when @robinthicke and Lil Wayne (@liltunechi) joined jazz legends on stage at the 51st #GRAMMYs? Watch thi… https://t.co/2l8gBdOrli,93,CBS
0.5994,Tue Jan 30 04:03:31 +0000 2018,0.0,0.813,0.187,"Tomorrow, catch a sneak peek of the incredible @TiffanyHaddish in her first Super Bowl Commercial for @Groupon on… https://t.co/RlehujNvFN",94,CBS
0.6908,Tue Jan 30 03:17:51 +0000 2018,0.0,0.711,0.289,Rapper @Logic301 delivered a poignant message of hope to conclude his powerful performance with @alessiacara and… https://t.co/elSqZExRtN,95,CBS
0.0,Tue Jan 30 02:12:15 +0000 2018,0.0,1.0,0.0,Even our host @JKCorden was starstruck when Broadway icon Patti LuPone performed at The #GRAMMYs! https://t.co/YJhNBllFh6,96,CBS
-0.296,Tue Jan 30 01:29:06 +0000 2018,0.115,0.885,0.0,Childish Gambino serenaded the crowd with his smooth vocals in this mesmerizing performance. Watch him perform 'Ter… https://t.co/TkWZP7PS22,97,CBS
0.0,Tue Jan 30 00:11:05 +0000 2018,0.0,1.0,0.0,.@OfficialSting and @shaggy757 joined together to bring their upbeat reggae vibes to Madison Square Garden. Watch t… https://t.co/iqq0DbM1IR,98,CBS
0.3818,Mon Jan 29 22:45:21 +0000 2018,0.0,0.885,0.115,Superstar @Pink left it all on the stage last night in a simply stunning performance that brought the crowd to thei… https://t.co/B9Tj5INcNu,99,CBS
0.0,Sun Mar 11 16:30:07 +0000 2018,0.0,1.0,0.0,Northeast prepares for its 3rd winter storm in the past 10 days https://t.co/JoTRQetMZY https://t.co/Jc6CQmUv7G,0,CNN
-0.4215,Sun Mar 11 16:16:06 +0000 2018,0.128,0.872,0.0,"""Frankly, I just don't see how any senator can vote to weaken the regulations on Wall Street banks."" Democratic Sen… https://t.co/UElyMlyCl7",1,CNN
0.0,Sun Mar 11 16:00:11 +0000 2018,0.0,1.0,0.0,Customers of a restaurant and a pub in the UK have been urged to wash their clothes as a precaution after traces of… https://t.co/D6mdjVheg6,2,CNN
-0.6486,Sun Mar 11 15:45:52 +0000 2018,0.187,0.813,0.0,"""We can't do what we did with Iran and let off the pressure and then just watch the behavior go in the wrong direct… https://t.co/Z8knp3MEam",3,CNN
-0.6124,Sun Mar 11 15:30:12 +0000 2018,0.325,0.6,0.075,"US Defense Secretary James Mattis warns Syria against using chemical weapons, doubts Russian missile claims… https://t.co/SS2g8Prnq1",4,CNN
0.2187,Sun Mar 11 15:00:15 +0000 2018,0.095,0.774,0.13,"66% of Millennials have nothing saved for retirement, a new report shows. Of those who do save, most have less than… https://t.co/LV5n4lhDKy",5,CNN
0.4215,Sun Mar 11 14:45:03 +0000 2018,0.0,0.859,0.141,Video games do not teach people to become shooters in real life | By Lindsay Grace via @CNNOpinion… https://t.co/To5tJkefdd,6,CNN
0.0,Sun Mar 11 14:30:10 +0000 2018,0.0,1.0,0.0,"Local law says that ""every head of household residing in the city limits is required to maintain a firearm"" in Kenn… https://t.co/Nf0Lm30jOd",7,CNN
-0.2732,Sun Mar 11 14:15:07 +0000 2018,0.139,0.861,0.0,11 tax deductions and other ways to cut your 2017 tax bill https://t.co/jq7skCHDUf https://t.co/EJkXr8jlW9,8,CNN
-0.3007,Sun Mar 11 14:03:27 +0000 2018,0.092,0.908,0.0,"Oprah says she's ""not running for office,""  but her advice for someone who might is ""do not give your energy to the… https://t.co/n2iTxgYjrl",9,CNN
-0.2732,Sun Mar 11 14:01:04 +0000 2018,0.139,0.861,0.0,11 tax deductions and other ways to cut your 2017 tax bill https://t.co/QQ1nZJEfRJ https://t.co/D2DABt7h1W,10,CNN
-0.34,Sun Mar 11 13:31:02 +0000 2018,0.167,0.726,0.107,"Anthony C. Acevedo, the first Mexican-American to register as a Holocaust survivor, was a World War II medic and on… https://t.co/IQ14hNQBWr",11,CNN
0.0,Sun Mar 11 13:28:03 +0000 2018,0.0,1.0,0.0,Sen. Elizabeth Warren: “I am not running for president in 2020” https://t.co/0dy8gxtdRw https://t.co/M99yjYnqvR,12,CNN
-0.2475,Sun Mar 11 13:22:14 +0000 2018,0.127,0.745,0.128,"Sen. Elizabeth Warren: ""I want the President to succeed … but I am very worried he is going to go into these negoti… https://t.co/Q3DQPYof0Y",13,CNN
0.5095,Sun Mar 11 13:20:57 +0000 2018,0.0,0.845,0.155,"Sen. Elizabeth Warren: ""I am very glad to see this administration move toward a diplomatic approach to North Korea”… https://t.co/bFt8iWwzKq",14,CNN
0.2716,Sun Mar 11 13:14:35 +0000 2018,0.0,0.896,0.104,"GOP Sen. Ron Johnson of Wisconsin: “It’s just incredibly important to, I would say, ratchet up the sanctions agains… https://t.co/9tuearvy9f",15,CNN
0.0,Sun Mar 11 13:01:02 +0000 2018,0.0,1.0,0.0,This photographer snaps cancer-stricken kids as superheroes https://t.co/bRrWqqIk7r https://t.co/5MFEqEFbMw,16,CNN
0.0,Sun Mar 11 12:31:03 +0000 2018,0.0,1.0,0.0,"Barbie unveiled dolls based on real-life figures including Amelia Earhart, Frida Kahlo, Katherine Johnson and Chloe… https://t.co/Ss8N6WEbY4",17,CNN
0.2187,Sun Mar 11 12:01:04 +0000 2018,0.095,0.774,0.13,"66% of Millennials have nothing saved for retirement, a new report shows. Of those who do save, most have less than… https://t.co/3MB6jMLDON",18,CNN
0.7003,Sun Mar 11 11:31:07 +0000 2018,0.0,0.674,0.326,"Inspired by her travels, this artist paints stunning pictures on tea bags https://t.co/O8piOHSRFL https://t.co/HZSii2dacL",19,CNN
0.0,Sun Mar 11 11:01:05 +0000 2018,0.0,1.0,0.0,"Local law says that ""every head of household residing in the city limits is required to maintain a firearm"" in Kenn… https://t.co/2R3nT6dWU7",20,CNN
0.0,Sun Mar 11 10:31:02 +0000 2018,0.0,1.0,0.0,"""They could divorce. They could own property. They had many rights that women in subsequent civilizations didn't ha… https://t.co/5897yT64XL",21,CNN
-0.0762,Sun Mar 11 10:01:02 +0000 2018,0.075,0.925,0.0,"These high-performance cars, which are priced in the millions, can't be legally driven on public roads… https://t.co/xF15GOjWIb",22,CNN
-0.4588,Sun Mar 11 09:31:04 +0000 2018,0.211,0.789,0.0,"""Dumpster fire"" is in the Merriam-Webster dictionary now, defined as ""an utterly calamitous or mismanaged situation… https://t.co/oMS9hLU8Lx",23,CNN
0.0,Sun Mar 11 09:01:05 +0000 2018,0.0,1.0,0.0,"Child marriage is declining, a new UNICEF report says - but 12 million girls are still married in childhood every y… https://t.co/DAUZ1yVebf",24,CNN
-0.5994,Sun Mar 11 08:31:04 +0000 2018,0.163,0.837,0.0,"Scientists unravel the mystery of the Roman ""gate to hell,"" which was thought to belch a ""breath of death"" that cau… https://t.co/WJbHlsGepb",25,CNN
0.34,Sun Mar 11 08:30:48 +0000 2018,0.0,0.854,0.146,"China's largely ceremonial parliament endorses a constitutional amendment, paving the way for President Xi Jinping… https://t.co/RCTC01CJUz",26,CNN
0.3818,Sun Mar 11 08:15:05 +0000 2018,0.0,0.898,0.102,"Find out who and what is making big waves in the worlds of tech, media and innovation. Sign up for PACIFIC, CNN’s n… https://t.co/V8Ln7DhjHo",27,CNN
0.0,Sun Mar 11 08:01:03 +0000 2018,0.0,1.0,0.0,Facebook robots may one day follow you around at home https://t.co/urKEOzSzgF https://t.co/t1dARIPBBS,28,CNN
-0.4767,Sun Mar 11 07:31:03 +0000 2018,0.171,0.829,0.0,"Fake news travels at a markedly faster rate on Twitter than accurate information, a new study finds… https://t.co/kpbDwphXbN",29,CNN
0.0,Sun Mar 11 07:01:03 +0000 2018,0.0,1.0,0.0,Uber says it has started using self-driving trucks to haul freight in Arizona https://t.co/r5bQPtepzj https://t.co/Fdxg8DUHHI,30,CNN
0.0,Sun Mar 11 06:59:06 +0000 2018,0.0,1.0,0.0,Former White House press secretary Jay Carney says the role he once held has become unrecognizable under President… https://t.co/K3qLcWnL4R,31,CNN
0.0,Sun Mar 11 06:30:08 +0000 2018,0.0,1.0,0.0,"""Black Panther"" to cross $1 billion worldwide in less than a month https://t.co/wJzaL36egw https://t.co/4uiuQSt2CG",32,CNN
0.0772,Sun Mar 11 06:01:04 +0000 2018,0.0,0.939,0.061,"Over 1.3 million live animals and plants, and a similar number of animal skins, have been exported from Africa to A… https://t.co/fHImyRVV9l",33,CNN
0.0,Sun Mar 11 05:46:00 +0000 2018,0.0,1.0,0.0,NASA spacecraft Juno has collected new data on its mission to Jupiter revealing some of the swirling inner mysterie… https://t.co/Tm73ZWcpn9,34,CNN
0.0,Sun Mar 11 05:31:05 +0000 2018,0.0,1.0,0.0,Bones found on a remote Pacific island almost eight decades ago likely are those of pioneering pilot Amelia Earhart… https://t.co/MtqRDZ4kgB,35,CNN
0.25,Sun Mar 11 05:16:00 +0000 2018,0.0,0.9,0.1,"Russian internet trolls created an anti-Hillary Clinton video game called ""Hilltendo"" and tried to make it go viral… https://t.co/aRZHkrFLDL",36,CNN
0.0,Sun Mar 11 05:00:06 +0000 2018,0.0,1.0,0.0,"President Trump is looking at adding impeachment lawyer to the White House team, The New York Times reports… https://t.co/clGPoY680u",37,CNN
-0.3818,Sun Mar 11 04:30:06 +0000 2018,0.167,0.833,0.0,"US Attorney General Jeff Sessions says judges blocking President Trump's policies is ""unconstitutional""… https://t.co/6FPpSHLqpd",38,CNN
0.5434,Sun Mar 11 04:00:08 +0000 2018,0.0,0.82,0.18,"""A Wrinkle in Time"" breaks through with a new kind of heroism, writes Van Jones for @CNNOpinion… https://t.co/nHKWj0zLmn",39,CNN
0.1779,Sun Mar 11 03:30:11 +0000 2018,0.127,0.711,0.162,"Washington, save partisan fighting for actual partisan issues — not DACA, writes Fernand Fernandez for @CNNOpinion… https://t.co/PkLyK4GUMq",40,CNN
-0.296,Sun Mar 11 03:00:07 +0000 2018,0.104,0.896,0.0,"The CEO of dating app Bumble says she pays no mind to Tinder, her biggest competitor and former employer… https://t.co/vOQrSvoZoV",41,CNN
-0.4215,Sun Mar 11 02:30:03 +0000 2018,0.237,0.763,0.0,US worries over China's expanding role in Africa https://t.co/JdQ485Nc35 https://t.co/HoPZkfx31V,42,CNN
0.2263,Sun Mar 11 02:01:39 +0000 2018,0.186,0.595,0.219,Oprah says she was inspired to help the Florida school shooting survivors fight for gun control because their dedic… https://t.co/SHC9psBXC6,43,CNN
0.0258,Sun Mar 11 01:37:14 +0000 2018,0.204,0.584,0.212,"President Trump appears to mock ""presidential"" behavior: ""That's easy"" https://t.co/zvDdpiNUy1",44,CNN
0.0,Sun Mar 11 01:30:08 +0000 2018,0.0,1.0,0.0,US Secretary of State Rex Tillerson will resume his normal schedule Sunday after canceling his Saturday schedule of… https://t.co/8g4GLb4WHv,45,CNN
-0.6705,Sun Mar 11 01:28:25 +0000 2018,0.262,0.646,0.091,"President Trump discusses the death penalty for drug dealers: ""I don't think we should play games ... These people… https://t.co/yZwcNUrreM",46,CNN
0.0,Sun Mar 11 01:15:30 +0000 2018,0.0,1.0,0.0,"President Trump responds to chants of ""Build the wall"" at a rally in Pennsylvania: ""We are building the wall, 100%"" https://t.co/Oy2HVMcGjp",47,CNN
0.4404,Sun Mar 11 01:00:18 +0000 2018,0.0,0.805,0.195,Ireland seals Six Nations Championship title with four-try victory over Scotland https://t.co/uvZ1EZ067i https://t.co/AL5mTXS040,48,CNN
-0.5096,Sun Mar 11 00:58:33 +0000 2018,0.23,0.77,0.0,"President Trump: Even President Ronald Reagan ""was not great"" on trade https://t.co/UETvww4jNW",49,CNN
0.0,Sun Mar 11 00:46:34 +0000 2018,0.0,1.0,0.0,"President Trump announces his 2020 campaign slogan: ""Keep America Great!"" https://t.co/hKeK7AB2h6",50,CNN
0.6369,Sun Mar 11 00:39:31 +0000 2018,0.0,0.741,0.259,"President Trump: ""I'd love to beat Oprah"" in the 2020 presidential election https://t.co/t30yRIq0zd",51,CNN
0.296,Sun Mar 11 00:30:04 +0000 2018,0.0,0.855,0.145,Turkish court frees 2 journalists on bail in trial of Cumhuriyet opposition paper https://t.co/Un1EUty2p6 https://t.co/mEJQZ19oc5,52,CNN
0.0,Sun Mar 11 00:26:45 +0000 2018,0.0,1.0,0.0,"President Trump hits his predecessors on North Korea: ""They had their shot and all they did was nothing"" https://t.co/CIkhp64uW2",53,CNN
0.0,Sun Mar 11 00:20:39 +0000 2018,0.0,1.0,0.0,"President Trump on negotiations with North Korea: ""This should have been handled, by the way, over the last 30 year… https://t.co/dKCUO0NRzD",54,CNN
0.3818,Sun Mar 11 00:14:02 +0000 2018,0.056,0.808,0.136,President Trump touts his new steel and aluminum tariffs during a rally for Pennsylvania GOP special election candi… https://t.co/Q3E8P3zFBy,55,CNN
0.7906,Sun Mar 11 00:00:06 +0000 2018,0.0,0.611,0.389,Will Supreme Court Justice Anthony Kennedy retire and be Republicans' Senate savior?https://t.co/kr6I66I97I https://t.co/RnI7IY8i3j,56,CNN
0.2732,Sat Mar 10 23:30:13 +0000 2018,0.161,0.622,0.218,LGBTQ groups cry discrimination as Republican Sen. Mike Lee reintroduces religious freedom bill… https://t.co/HqPsXmxcYf,57,CNN
0.4939,Sat Mar 10 23:00:19 +0000 2018,0.112,0.612,0.276,President Trump's trade moves may be of no help in Pennsylvania special election https://t.co/11inyamR9f https://t.co/vJMpYrhEkU,58,CNN
0.3182,Sat Mar 10 22:45:03 +0000 2018,0.0,0.887,0.113,US Secretary of State Rex Tillerson changes tune after President Trump accepts meeting with North Korean leader Kim… https://t.co/kFsksZqn0u,59,CNN
0.0,Sat Mar 10 22:30:12 +0000 2018,0.0,1.0,0.0,President Trump's estranged adviser Steve Bannon tells a far-right gathering in France that they should handle accu… https://t.co/X2jidYv3xU,60,CNN
0.3612,Sat Mar 10 22:15:05 +0000 2018,0.0,0.828,0.172,"Steven Spielberg's ""Ready Player One"" to have world premiere at SXSW https://t.co/AzahlUPzxB https://t.co/P6cND1J2cs",61,CNN
0.0,Sat Mar 10 22:00:22 +0000 2018,0.0,1.0,0.0,Attorney General Jeff Sessions tests limits of immigration powers with asylum moves https://t.co/B8AfIWFrDD https://t.co/8D4RnpFuT3,62,CNN
0.0258,Sat Mar 10 21:45:06 +0000 2018,0.318,0.359,0.323,The week President Trump rewarded enemies and punished friends https://t.co/h9ZNBoxZ9q https://t.co/wgTo39OKvt,63,CNN
-0.4767,Sat Mar 10 21:30:16 +0000 2018,0.199,0.736,0.065,"""The darkness is there to show you your light."" Oprah Winfrey gives advice to Americans feeling jaded amid increasi… https://t.co/bNTETFcemm",64,CNN
0.0,Sat Mar 10 21:15:07 +0000 2018,0.0,1.0,0.0,Why is the US rolling back this high-return global investment? https://t.co/PHS5LIGmDj (via @CNNOpinion) https://t.co/nPp5q40N5r,65,CNN
0.6369,Sat Mar 10 21:00:53 +0000 2018,0.0,0.785,0.215,Jackie Kennedy looked like a movie star on her wedding day. But it wasn’t the wedding of her dreams. Go inside… https://t.co/oCzygC50Dv,66,CNN
0.0,Sat Mar 10 20:45:08 +0000 2018,0.0,1.0,0.0,Read CNN's interview with Stormy Daniels https://t.co/YIfuKhzX3Q https://t.co/HJOLk05OHs,67,CNN
-0.1779,Sat Mar 10 20:30:06 +0000 2018,0.17,0.709,0.121,"Florida adopts a wide package of gun laws, while Washington stalls https://t.co/F9zXo17teo https://t.co/dZlwaY7P7X",68,CNN
0.0,Sat Mar 10 20:15:08 +0000 2018,0.0,1.0,0.0,How porn star Stormy Daniels could impact the Russia investigation https://t.co/JoYkWOmiOx https://t.co/4UiUdSq7pE,69,CNN
0.0,Sat Mar 10 20:00:22 +0000 2018,0.0,1.0,0.0,"Adwoa Aboah announces next ""Gurls Talk"" event in Ghana https://t.co/TI9WQ2BMZT https://t.co/dWDF0fpn3X",70,CNN
-0.4215,Sat Mar 10 19:45:05 +0000 2018,0.237,0.763,0.0,Why China's footprint in Africa worries the US https://t.co/p1XrRgGA01 https://t.co/JXSDwDzDQ5,71,CNN
0.0,Sat Mar 10 19:30:18 +0000 2018,0.163,0.674,0.163,Porn star Stormy Daniels says Trump scandal has been good for business https://t.co/CWliGpCPF5 https://t.co/VXZew4GxnF,72,CNN
0.0,Sat Mar 10 19:15:09 +0000 2018,0.0,1.0,0.0,"""Black Panther"" to cross $1 billion worldwide in less than a month https://t.co/HKIJkqfpvn https://t.co/q6pnbyPeJ8",73,CNN
0.0,Sat Mar 10 19:00:13 +0000 2018,0.0,1.0,0.0,A woman rode a horse into a dance club in Miami Beach https://t.co/e1ipW7Mih8 https://t.co/2MVq8Z8dEl,74,CNN
-0.3818,Sat Mar 10 18:45:03 +0000 2018,0.231,0.769,0.0,A lawsuit accusing Harvard of capping Asian-American admissions could be tried this summer https://t.co/c6DLxTGmlp https://t.co/oSb5ywGPjT,75,CNN
-0.5423,Sat Mar 10 18:31:21 +0000 2018,0.244,0.683,0.073,"Oprah's advice for Americans feeling jaded amid increasing political partisanship, gun control debates and inner ci… https://t.co/GBDRMAEiaY",76,CNN
-0.2023,Sat Mar 10 18:15:08 +0000 2018,0.122,0.878,0.0,Complaining about the change to Daylight Saving Time? You're in the minority. https://t.co/oJnAcfmYqQ https://t.co/WQWU2PUCBj,77,CNN
0.3818,Sat Mar 10 17:45:05 +0000 2018,0.0,0.898,0.102,"Find out who and what is making big waves in the worlds of tech, media and innovation. Sign up for PACIFIC, CNN’s n… https://t.co/7cYXQ71LuB",78,CNN
0.0,Sat Mar 10 17:30:08 +0000 2018,0.0,1.0,0.0,This is the one big difference in the story about the Nashville mayor's affair https://t.co/bBA4azjyYj (via… https://t.co/h45W9IdVgr,79,CNN
-0.8074,Sat Mar 10 17:00:04 +0000 2018,0.3,0.7,0.0,UK ministers are holding an emergency meeting as investigators probe the attempt to kill a former Russian double ag… https://t.co/ahpM64kxYH,80,CNN
-0.6369,Sat Mar 10 16:52:09 +0000 2018,0.189,0.811,0.0,"JUST IN: A man is barricaded in an apartment in Pomona, California, after fatally shooting an officer and wounding… https://t.co/sc3x1MrBDM",81,CNN
-0.296,Sat Mar 10 16:45:08 +0000 2018,0.167,0.833,0.0,Here are some reads you missed during a busy news week https://t.co/S1PcV7ztqp https://t.co/6btlUSS4XN,82,CNN
0.5994,Sat Mar 10 16:30:07 +0000 2018,0.0,0.62,0.38,God bless these doctors in Canada https://t.co/ulphJ72jda (via @CNNOpinion) https://t.co/uSfkIpUIWc,83,CNN
-0.126,Sat Mar 10 16:15:08 +0000 2018,0.161,0.654,0.185,"Job growth is strong, but it probably won't save Republicans in the midterms https://t.co/7lYLdRReVK | Analysis by… https://t.co/8hgxVcWYhs",84,CNN
0.34,Sat Mar 10 16:00:11 +0000 2018,0.0,0.821,0.179,What President Xi Jinping's power play means for China's economy https://t.co/VtvRiBYcsu https://t.co/Nf7bGSiQx4,85,CNN
-0.6908,Sat Mar 10 15:45:55 +0000 2018,0.343,0.657,0.0,Will hitting China with tariffs kill India's solar dreams?https://t.co/XpemciO5nU https://t.co/ZHv7Rv416B,86,CNN
0.0,Sat Mar 10 15:01:08 +0000 2018,0.0,1.0,0.0,This photographer snaps cancer-stricken kids as superheroes https://t.co/fFC6pucyUH https://t.co/LFXLQw84eE,87,CNN
0.0,Sat Mar 10 14:31:08 +0000 2018,0.0,1.0,0.0,"Barbie unveiled dolls based on real-life figures including Amelia Earhart, Frida Kahlo, Katherine Johnson and Chloe… https://t.co/XTcr37oUtS",88,CNN
0.7003,Sat Mar 10 14:01:10 +0000 2018,0.0,0.674,0.326,"Inspired by her travels, this artist paints stunning pictures on tea bags https://t.co/nz5dDAlxC4 https://t.co/Zg6KvN3iWF",89,CNN
0.0,Sat Mar 10 13:31:04 +0000 2018,0.0,1.0,0.0,"""They could divorce. They could own property. They had many rights that women in subsequent civilizations didn't ha… https://t.co/aU6DxQeeaR",90,CNN
-0.4588,Sat Mar 10 13:01:06 +0000 2018,0.211,0.789,0.0,"""Dumpster fire"" is in the Merriam-Webster dictionary now, defined as ""an utterly calamitous or mismanaged situation… https://t.co/60GM8iM45n",91,CNN
-0.6486,Sat Mar 10 12:31:53 +0000 2018,0.264,0.736,0.0,Thousands of dead starfish were found washed up on British shores https://t.co/oIGXDH5mhI https://t.co/5VqOSsvuqr,92,CNN
-0.8934,Sat Mar 10 12:01:06 +0000 2018,0.401,0.599,0.0,"Cecil the lion ""suffered incredible cruelty for at least 10 hours"" before he died, according to a lion researcher's… https://t.co/nojuVmY238",93,CNN
-0.5574,Sat Mar 10 11:31:04 +0000 2018,0.167,0.833,0.0,"2,000 years ago, people watched as animals mysteriously died at the entrance to a grotto in modern-day Turkey that… https://t.co/6fU1KnQyxK",94,CNN
0.0,Sat Mar 10 11:01:02 +0000 2018,0.0,1.0,0.0,The kind of floods we've only seen during storms might someday become regular events as sea levels rise due to glob… https://t.co/IMDfqxFTkh,95,CNN
-0.4767,Sat Mar 10 10:31:02 +0000 2018,0.171,0.829,0.0,"Fake news travels at a markedly faster rate on Twitter than accurate information, a new study finds… https://t.co/NZoj9PtRDr",96,CNN
-0.0762,Sat Mar 10 10:01:02 +0000 2018,0.075,0.925,0.0,"These high-performance cars, which are priced in the millions, can't be legally driven on public roads… https://t.co/zk7Yw3fFa5",97,CNN
0.0,Sat Mar 10 09:31:03 +0000 2018,0.0,1.0,0.0,Bones found on a remote Pacific island almost eight decades ago likely are those of pioneering pilot Amelia Earhart… https://t.co/ST2jvgXLtd,98,CNN
-0.5423,Sat Mar 10 09:16:05 +0000 2018,0.233,0.698,0.07,"Oprah Winfrey has some advice for Americans feeling jaded amid increasing political partisanship, debates on gun co… https://t.co/WS2RPH0DNQ",99,CNN
0.0,Sun Mar 11 16:32:00 +0000 2018,0.0,1.0,0.0,California coffee shop refuses to serve police. https://t.co/wFAvdk0rdA https://t.co/oQ1h4NYvTP,0,FoxNews
-0.3384,Sun Mar 11 16:15:00 +0000 2018,0.23,0.77,0.0,"President @realDonaldTrump: ""@MaxineWaters - a very low IQ individual.""  https://t.co/hGCB1MlvSx https://t.co/TnuaP8BXR3",1,FoxNews
-0.296,Sun Mar 11 16:13:11 +0000 2018,0.136,0.864,0.0,"Warren: No to White House bid, DNA test; says heritage  'part of who I am' https://t.co/HU7BGrUu47",2,FoxNews
-0.7964,Sun Mar 11 16:10:10 +0000 2018,0.372,0.628,0.0,ICE seeks illegal immigrant in Colorado fatal hit-and-run who bonded out of jail https://t.co/SFPQvDJjEs,3,FoxNews
-0.296,Sun Mar 11 15:59:00 +0000 2018,0.145,0.855,0.0,Republican Jewish Coalition demands resignation of Democratic leaders with ties to Farrakhan https://t.co/p9JgLTbu51 https://t.co/xRqfygTjBR,4,FoxNews
0.1531,Sun Mar 11 15:56:11 +0000 2018,0.11,0.75,0.14,"""[@POTUS?] missed the opportunity to say, 'We don't stand for domestic violence.'""

WATCH: @HowardKurtz's full inte… https://t.co/gAIdShO3xc",5,FoxNews
0.7783,Sun Mar 11 15:53:00 +0000 2018,0.0,0.726,0.274,".@cvpayne: ""We're come of survival mode economically. We're back into the growth mode that made America the best co… https://t.co/f4jUCeqPRa",6,FoxNews
-0.296,Sun Mar 11 15:51:42 +0000 2018,0.136,0.864,0.0,CIA chief Pompeo says no concessions to North Korea's Kim Jong Un before talks https://t.co/cZFTh4LC1y,7,FoxNews
0.34,Sun Mar 11 15:43:20 +0000 2018,0.0,0.87,0.13,".@jasoninthehouse: ""The hacking into the... @DCCC computers - they wouldn't even let Homeland Security look at that… https://t.co/YGqe2A0wjA",8,FoxNews
-0.7845,Sun Mar 11 15:43:00 +0000 2018,0.496,0.504,0.0,.@POTUS: Drug dealers should get death penalty. https://t.co/hGCB1M3V0Z https://t.co/yEWHNAjo8u,9,FoxNews
0.0,Sun Mar 11 15:33:26 +0000 2018,0.0,1.0,0.0,".@Nigel_Farage: ""We're all part of a movement - a movement against what has happened over the last 2 or 3 decades,… https://t.co/pBlPgU5biA",10,FoxNews
0.0,Sun Mar 11 15:31:00 +0000 2018,0.0,1.0,0.0,"TONIGHT on @NextRevFNC, @SteveHiltonx talks to Niall Ferguson - Tune in at 9p ET on Fox News Channel! https://t.co/bAwWUY8lou",11,FoxNews
-0.6908,Sun Mar 11 15:30:10 +0000 2018,0.241,0.759,0.0,RT @EricShawnTV: I anchor @FoxNews at 12 EDT: What lies ahead for @POTUS @realDonaldTrump and #KimJongUn? A North Korean defector tells me…,12,FoxNews
0.2263,Sun Mar 11 15:22:24 +0000 2018,0.0,0.872,0.128,"Last night in Moon Township, PA, President @realDonaldTrump did his impression of 'presidential.'… https://t.co/S0O46OcK8T",13,FoxNews
0.3612,Sun Mar 11 15:21:00 +0000 2018,0.0,0.884,0.116,".@MZHemingway: ""He's like a standup routine out there... and the media act so prim and proper about it in response.… https://t.co/oPaZDd9yW2",14,FoxNews
0.7269,Sun Mar 11 15:16:26 +0000 2018,0.0,0.711,0.289,"TONIGHT on ""Life, Liberty, and Levin,"" @marklevinshow has a special interview with Israeli PM @netanyahu - Tune in… https://t.co/Q1qspJlZmD",15,FoxNews
0.0,Sun Mar 11 15:14:00 +0000 2018,0.0,1.0,0.0,.@DNC vows to limit superdelegate influence. https://t.co/Il1AWVm5N0,16,FoxNews
0.0,Sun Mar 11 15:11:26 +0000 2018,0.0,1.0,0.0,Report: ATF Probing VA Dem Candidate After AR-15 Buzzsaw Video https://t.co/QgBHqUmB9d,17,FoxNews
0.0,Sun Mar 11 15:11:05 +0000 2018,0.0,1.0,0.0,".@GovMikeHuckabee: ""[@POTUS] constantly is keeping everyone else on stage off guard, off center, rocking on their h… https://t.co/dujmyTo6j7",18,FoxNews
-0.7269,Sun Mar 11 15:05:56 +0000 2018,0.433,0.567,0.0,California standoff suspect ID'd after death of police officer https://t.co/htD7YXG1Mf,19,FoxNews
0.0,Sun Mar 11 14:57:05 +0000 2018,0.0,1.0,0.0,"On @FoxNewsSunday, @SenWarren revealed her 2020 plans. https://t.co/bxc34AE6rv https://t.co/bINS4EWIqb",20,FoxNews
0.0,Sun Mar 11 14:55:06 +0000 2018,0.0,1.0,0.0,".@marykissel: ""Trade deficits don't have to be repaid. We have trade deficits when the buying power of Americans is… https://t.co/jixs8AjFCG",21,FoxNews
-0.0572,Sun Mar 11 14:50:06 +0000 2018,0.064,0.936,0.0,".@AmbJohnBolton: ""China's jived us for 25 years. They've said repeatedly they don't want North Korea with nuclear w… https://t.co/TniwlbNUxY",22,FoxNews
-0.4019,Sun Mar 11 14:44:53 +0000 2018,0.13,0.87,0.0,"Peter Navarro: ""Some analysts calculate that for every billion dollars in trade deficit we have, that's 6,000 jobs… https://t.co/RyQMJUVsUh",23,FoxNews
-0.296,Sun Mar 11 14:43:12 +0000 2018,0.121,0.879,0.0,JUST IN: @CIA chief Pompeo says no concessions to North Korea's Kim Jong Un before talks https://t.co/cZFTh4LC1y,24,FoxNews
0.0,Sun Mar 11 14:37:00 +0000 2018,0.0,1.0,0.0,".@GOPLeader: ""Christopher Steele says he knew that the @DNC and @HillaryClinton were paying for it."" #SundayFutures… https://t.co/hcIjQXlGPz",25,FoxNews
-0.4019,Sun Mar 11 14:27:59 +0000 2018,0.13,0.87,0.0,"Peter Navarro: ""Some analysts calculate that for every billion dollars in trade deficit we have, that's 6,000 jobs… https://t.co/16Zrfturuu",26,FoxNews
0.0,Sun Mar 11 14:22:32 +0000 2018,0.0,1.0,0.0,".@GOPLeader: ""When you're looking at how much @facebook controls... and when I'm looking at what's happening knocki… https://t.co/5nHqkkgp5Q",27,FoxNews
0.0,Sun Mar 11 14:18:31 +0000 2018,0.0,1.0,0.0,".@GOPLeader: ""Not only does [@NancyPelosi] think they're 'crumbs' - she's going to repeal the tax bill. She's going… https://t.co/Gx293clC3y",28,FoxNews
0.0,Sun Mar 11 14:14:53 +0000 2018,0.0,1.0,0.0,".@GOPLeader: ""Christopher Steele says he knew that the @DNC and @HillaryClinton were paying for it."" #SundayFutures… https://t.co/jX2c7GPoA0",29,FoxNews
0.0,Sun Mar 11 14:09:48 +0000 2018,0.0,1.0,0.0,".@GOPLeader: ""We're beginning the America Comeback."" #SundayFutures @MariaBartiromo https://t.co/bjJUvEQ3s0",30,FoxNews
0.0,Sun Mar 11 14:07:03 +0000 2018,0.0,1.0,0.0,".@GOPLeader: ""Not only does [@NancyPelosi] think they're 'crumbs' - she's going to repeal the tax bill. She's going… https://t.co/tW9uxprLDw",31,FoxNews
0.7506,Sun Mar 11 14:04:22 +0000 2018,0.0,0.67,0.33,".@GOPLeader: ""There's already been 5 special elections and Republicans have won all 5 of those."" #SundayFutures… https://t.co/QJj32pCbaA",32,FoxNews
0.34,Sun Mar 11 14:03:13 +0000 2018,0.0,0.888,0.112,".@GOPLeader: ""The way @POTUS has handled this is correct... He played rougher with China and rougher with North Kor… https://t.co/fe5w49PTtd",33,FoxNews
0.0,Sun Mar 11 13:59:59 +0000 2018,0.0,1.0,0.0,RT @FoxNewsSunday: CIA Director Pompeo to @johnrobertsFox: Never before have we had the North Koreans in a position where their economy was…,34,FoxNews
-0.296,Sun Mar 11 13:59:45 +0000 2018,0.121,0.879,0.0,RT @FoxNewsSunday: It’s a part of who I am and no one’s ever going to take that away. 5/5,35,FoxNews
-0.0644,Sun Mar 11 13:59:41 +0000 2018,0.052,0.948,0.0,RT @FoxNewsSunday: They raised me. They knocked around and it was tough but they hung together.  They hung together for 63 years.  I know w…,36,FoxNews
0.7906,Sun Mar 11 13:59:38 +0000 2018,0.118,0.541,0.341,"RT @FoxNewsSunday: And eventually my parents eloped and they survived the Great Depression, they survived The Dust Bowl.  They went through…",37,FoxNews
0.8885,Sun Mar 11 13:59:35 +0000 2018,0.0,0.687,0.313,RT @FoxNewsSunday: She was a beautiful girl who played the piano.  And he was head over heels in love with her and wanted to marry her.  An…,38,FoxNews
0.0,Sun Mar 11 13:59:32 +0000 2018,0.0,1.0,0.0,RT @FoxNewsSunday: I’m not running for President.  But let me tell you a little bit about my family.  Now my mom and dad were born and rais…,39,FoxNews
0.0,Sun Mar 11 13:59:29 +0000 2018,0.0,1.0,0.0,"RT @FoxNewsSunday: .@SenWarren tells @johnrobertsFox:  ""I’m not running for President."" 
On her ancestry, the Massachusetts Senator says: ""…",40,FoxNews
0.3182,Sun Mar 11 13:48:51 +0000 2018,0.0,0.916,0.084,"RT @FoxNewsSunday: And this not just what I say, this is what our own generals who are experts in the area and responsible for the area say…",41,FoxNews
0.5095,Sun Mar 11 13:48:39 +0000 2018,0.0,0.852,0.148,RT @FoxNewsSunday: .@SenWarren tells @johnrobertsFox: I am very glad to see the Trump Administration turn in the direction of diplomacy and…,42,FoxNews
0.0,Sun Mar 11 13:41:27 +0000 2018,0.0,1.0,0.0,"RT @FoxNewsSunday: On #FNS, @SenWarren tells @johnrobertsFox: ""I’m not running for President.""",43,FoxNews
0.0,Sun Mar 11 13:35:42 +0000 2018,0.0,1.0,0.0,"RT @FoxNewsSunday: It’s got to be part of an overall trade strategy that puts American workers, American small businesses first.  That’s wh…",44,FoxNews
0.3612,Sun Mar 11 13:35:39 +0000 2018,0.0,0.889,0.111,"RT @FoxNewsSunday: On trade/tariffs, @SenWarren tells @johnrobertsFox:
What I’d like to see us do is rethink our whole trade strategy.  And…",45,FoxNews
0.8074,Sun Mar 11 13:33:08 +0000 2018,0.0,0.66,0.34,RT @FoxNewsSunday: It is important for the defense of the United States.  It is important for the security of the entire world.  But I’m wo…,46,FoxNews
0.0,Sun Mar 11 13:33:05 +0000 2018,0.0,1.0,0.0,"RT @FoxNewsSunday: On proposed President Trump/Kim Jong Un meeting, @SenWarren tells @johnrobertsFox: I am very concerned that the Presiden…",47,FoxNews
0.4019,Sun Mar 11 13:20:30 +0000 2018,0.0,0.856,0.144,.@RepRatcliffe: “I do think that a special counsel will be required because of the jurisdictional limitations that… https://t.co/43wrzYzi3i,48,FoxNews
0.0,Sun Mar 11 13:12:43 +0000 2018,0.0,1.0,0.0,"RT @FoxNewsSunday: On meeting with Kim Jong Un, CIA Director Mike Pompeo tells @johnrobertsfox: President isn’t doing this for theatre, he…",49,FoxNews
0.0,Sun Mar 11 13:08:56 +0000 2018,0.0,1.0,0.0,"RT @FoxNewsSunday: On Kim Jong Un, CIA Director Mike Pompeo tells @johnrobertsfox: We know that he is rational.",50,FoxNews
0.0,Sun Mar 11 13:08:51 +0000 2018,0.0,1.0,0.0,"RT @FoxNewsSunday: On talks with North Korea, CIA Director Mike Pompeo tells @johnrobertsFox: While these negations are going on, there wil…",51,FoxNews
-0.7003,Sun Mar 11 13:01:21 +0000 2018,0.345,0.655,0.0,GA Town Requires Gun Ownership: 'Something for a Potential Criminal to Think About' https://t.co/94T3eOhV4M,52,FoxNews
0.0,Sun Mar 11 12:46:15 +0000 2018,0.0,1.0,0.0,".@Nigel_Farage: “I think right now, if Donald Trump… invented a cure for the common cold [the media] would still fi… https://t.co/7YZtzWzGmd",53,FoxNews
0.5106,Sun Mar 11 12:43:51 +0000 2018,0.0,0.769,0.231,".@Nigel_Farage on President @realDonaldTrump: “Through strong leadership, he gets things done.” https://t.co/sWrFY5N9Rr",54,FoxNews
0.0,Sun Mar 11 12:39:09 +0000 2018,0.0,1.0,0.0,".@Nigel_Farage: “Once again, President Trump is doing what he told the American electorate he would do during the e… https://t.co/tAAzh9hy0X",55,FoxNews
0.4019,Sun Mar 11 12:21:05 +0000 2018,0.0,0.803,0.197,.@ByronYork on the special counsel: “There’s probably not a case on collusion.” https://t.co/XGplhrbFpf,56,FoxNews
0.0,Sun Mar 11 12:13:33 +0000 2018,0.0,1.0,0.0,China lawmakers abolish presidential term limits https://t.co/INkmM4EexL,57,FoxNews
0.0,Sun Mar 11 11:46:20 +0000 2018,0.0,1.0,0.0,DOJ will not crack down on small pot cases https://t.co/6CQuN7olrx,58,FoxNews
0.6369,Sun Mar 11 11:40:54 +0000 2018,0.0,0.724,0.276,".@cvpayne: ""I think America is the greatest country in the world."" https://t.co/42hVOGXjls",59,FoxNews
0.3818,Sun Mar 11 11:36:08 +0000 2018,0.0,0.536,0.464,February Jobs Growth https://t.co/VnxgOcKWeG,60,FoxNews
0.5267,Sun Mar 11 11:22:43 +0000 2018,0.0,0.848,0.152,.@jasoninthehouse: “All of the conventional wisdom was that Hillary Clinton was on the verge of becoming the next P… https://t.co/8fmOgdJQP3,61,FoxNews
0.5859,Sun Mar 11 11:13:11 +0000 2018,0.0,0.774,0.226,"Tiger Woods closes to within 1 shot of leader, chasing first win since 2013 https://t.co/0UBqJqQMSv",62,FoxNews
0.0,Sun Mar 11 11:07:08 +0000 2018,0.0,1.0,0.0,"OPINION: Daylight saving time: Spring ahead? Not this year, not this guy https://t.co/NniCnXubr6",63,FoxNews
0.0,Sun Mar 11 10:48:54 +0000 2018,0.0,1.0,0.0,"Kathy Griffin plans comeback tour, with shows in 'Trump's backyard' https://t.co/xzG9CdQiIV",64,FoxNews
-0.3182,Sun Mar 11 10:45:39 +0000 2018,0.141,0.859,0.0,.@GovMikeHuckabee: “[President @realDonaldTrump is] unpredictable and he’s disruptive and that’s the manner in whic… https://t.co/0OR8DlKhS3,65,FoxNews
0.5267,Sun Mar 11 10:35:11 +0000 2018,0.0,0.794,0.206,"Ron Daigle, attorney to former Navy sailor pardoned by @POTUS: “I need to say thank you to [President… https://t.co/6yqZYDn3BS",66,FoxNews
0.7845,Sun Mar 11 10:23:52 +0000 2018,0.0,0.685,0.315,.@Saccone4PA18: “I’ve been to President Trump’s rallies before… He’s such a great speaker. He’s such a powerful per… https://t.co/Dz6TYVGi3W,67,FoxNews
0.3182,Sun Mar 11 10:20:17 +0000 2018,0.0,0.881,0.119,".@Saccone4PA18: ""I've always been pro-jobs... I've always supported the steel industry and bringing jobs back to Pe… https://t.co/TLahSw1W63",68,FoxNews
-0.296,Sun Mar 11 10:00:01 +0000 2018,0.095,0.905,0.0,".@AllenWest on @realDonaldTrump's PA speech: ""No one can take away from him that he has been able to do something i… https://t.co/baTu7ZpvL8",69,FoxNews
0.1531,Sun Mar 11 09:55:00 +0000 2018,0.098,0.781,0.121,".@POTUS: ""As long as we're proud of who we are and what we're fighting for,  there is nothing beyond our reach."" https://t.co/ODIjWw92em",70,FoxNews
0.0,Sun Mar 11 09:50:00 +0000 2018,0.0,1.0,0.0,'Black Panther' passes $1 billion at global box office https://t.co/tZY9JwIXM2,71,FoxNews
0.5719,Sun Mar 11 09:45:00 +0000 2018,0.0,0.856,0.144,"David Bossie on @POTUS speech at Saccone rally: ""It brought me back to the campaign because he won because he was h… https://t.co/2rcinB2Drf",72,FoxNews
-0.4939,Sun Mar 11 09:40:00 +0000 2018,0.269,0.598,0.132,"Pomona Police officers hug after arresting a man suspected of shooting two California police officers, killing one… https://t.co/BfgAbQ7acF",73,FoxNews
0.2732,Sun Mar 11 09:35:00 +0000 2018,0.067,0.813,0.12,".@POTUS on ObamaCare: ""That's where you pay a lot of money for the privilege of not getting health care."" https://t.co/mEDhpdpk4K",74,FoxNews
-0.7506,Sun Mar 11 09:30:00 +0000 2018,0.416,0.584,0.0,Spy's poisoning is latest case to stir suspicion of Russia https://t.co/PVo1gLFKaV,75,FoxNews
0.0,Sun Mar 11 09:25:00 +0000 2018,0.0,1.0,0.0,".@seanspicer on @realDonaldTrump's PA speech: ""He's in his element tonight...it's the same kind of and momentum and… https://t.co/OCeFncZEIh",76,FoxNews
0.0,Sun Mar 11 09:15:00 +0000 2018,0.0,1.0,0.0,".@POTUS: ""I'm willing to go along [with DACA]. Get it done, we've got to get it done."" https://t.co/sV57C91iqv",77,FoxNews
-0.6249,Sun Mar 11 09:10:00 +0000 2018,0.338,0.662,0.0,Coffee shop under fire for refusing to serve uniformed police officers https://t.co/wFAvdk0rdA,78,FoxNews
-0.3612,Sun Mar 11 09:05:00 +0000 2018,0.161,0.839,0.0,".@CLewandowski_ on politicians criticizing @realDonaldTrump: ""This president has done everything that he's campaign… https://t.co/Y5ytVWu8BC",79,FoxNews
-0.6597,Sun Mar 11 09:00:01 +0000 2018,0.328,0.672,0.0,Woman slams tanning beds with skin cancer scar selfie https://t.co/5YrXsn0lem,80,FoxNews
0.0,Sun Mar 11 08:55:00 +0000 2018,0.0,1.0,0.0,".@POTUS: ""We have done more than any first-term administration in the history of our country."" https://t.co/3RI7basuB0",81,FoxNews
-0.4939,Sun Mar 11 08:50:00 +0000 2018,0.286,0.714,0.0,"Millennials fear they'll never be homeowners, study says https://t.co/dtN6Y5hCCM",82,FoxNews
0.0,Sun Mar 11 08:45:00 +0000 2018,0.0,1.0,0.0,".@CLewandowski_ on @POTUS' PA speech: ""What he did tonight was remind the American people by bypassing the mainstre… https://t.co/cYLgO8HZDt",83,FoxNews
-0.0772,Sun Mar 11 08:40:00 +0000 2018,0.141,0.736,0.123,'Lost in Space' actress Marta Kristen says her time in Hollywood 'was a dream' https://t.co/V4Sq431Wj9,84,FoxNews
0.6249,Sun Mar 11 08:35:00 +0000 2018,0.0,0.796,0.204,".@POTUS on 2020 campaign slogan: ""We can't say 'Make America Great Again' because I already did that."" https://t.co/w4Tyy0kz7Z",85,FoxNews
-0.7906,Sun Mar 11 08:30:00 +0000 2018,0.5,0.5,0.0,Afghanistan war impacted Army vet behind California attack https://t.co/s0R00897YU,86,FoxNews
0.0,Sun Mar 11 08:25:00 +0000 2018,0.0,1.0,0.0,".@JudgeJeanine: ""@realDonaldTrump is more than the man [Kim Jong Un] thinks he is. He has already outsmarted him an… https://t.co/aZg6hEvQqa",87,FoxNews
-0.7269,Sun Mar 11 08:20:00 +0000 2018,0.433,0.567,0.0,California standoff suspect ID'd after death of police officer https://t.co/fIloggsvpf,88,FoxNews
-0.8519,Sun Mar 11 08:15:00 +0000 2018,0.383,0.617,0.0,".@DaveBratVA7th on tariffs: ""China is cheating. We need to fight back at their unfair trading and practices… https://t.co/XUCNwBhWeM",89,FoxNews
0.0772,Sun Mar 11 08:10:00 +0000 2018,0.0,0.933,0.067,".@DiamondandSilk: ""We're not asking [@realDonaldTrump] to be politically correct. What we want him to do is be corr… https://t.co/KawmUYDgLt",90,FoxNews
0.4019,Sun Mar 11 08:06:00 +0000 2018,0.0,0.876,0.124,".@Jim_Jordan: ""What if they pick someone else from #TheSwamp? What if it's just another special counsel from D.C. a… https://t.co/uyNpTSDMud",91,FoxNews
0.0,Sun Mar 11 08:02:00 +0000 2018,0.0,1.0,0.0,"Police can't charge 'exhorbitant' fees for Vegas massacre info, judge rules https://t.co/IFmflmrZy2",92,FoxNews
0.25,Sun Mar 11 07:57:00 +0000 2018,0.0,0.875,0.125,".@POTUS: ""We've created three million jobs since Election Day– nobody thought that was possible."" https://t.co/d9FrHDhfdC",93,FoxNews
0.0,Sun Mar 11 07:52:00 +0000 2018,0.0,1.0,0.0,#Trump believes North Korea will keep word on missile tests https://t.co/InUV63CO9j,94,FoxNews
0.5766,Sun Mar 11 07:47:00 +0000 2018,0.0,0.801,0.199,BREATHTAKING: A dense fog enveloped the San Francisco region ahead of storms expected in the area. https://t.co/L79UEiiS5i,95,FoxNews
0.4767,Sun Mar 11 07:42:00 +0000 2018,0.0,0.78,0.22,"Susan Sarandon: Hollywood Rewards 'Mediocrity,' Actors Who 'Don't Ask Questions' https://t.co/fDXAXV9Mo2 https://t.co/oWA4XbjNqc",96,FoxNews
0.0,Sun Mar 11 07:38:00 +0000 2018,0.0,1.0,0.0,#Trump met with Clinton's impeachment lawyer to assist in Russia probe: report https://t.co/f2zON3b0qi,97,FoxNews
0.5574,Sun Mar 11 07:35:00 +0000 2018,0.0,0.854,0.146,".@SenatorTimScott: ""My hero, my mentor, my model in politics has always been Jack Kemp. He is the man, the myth, an… https://t.co/FAMVDA4VEk",98,FoxNews
-0.0258,Sun Mar 11 07:32:00 +0000 2018,0.111,0.782,0.107,Kristian Saucier: “It was a clear attempt by the Department of Justice… under Obama to use me as a scapegoat to tak… https://t.co/kH2tzdYIdB,99,FoxNews
-0.4939,Sun Mar 11 16:31:08 +0000 2018,0.127,0.873,0.0,"RT @MujMash: Around this time 2001 the Taliban destroyed the Bamiyan Buddhas.
Their frames still stand tall in the valley.
“The Buddhas wer…",0,NYTimes
0.1761,Sun Mar 11 16:16:09 +0000 2018,0.085,0.798,0.117,Trump’s seemingly unstoppable series of erratic moves has helped cast China as the more stable power in Asia https://t.co/w0KT9IUqe7,1,NYTimes
0.296,Sun Mar 11 16:01:08 +0000 2018,0.0,0.824,0.176,We want to hear how college students handle consent for sexual intimacy in relationships and encounters https://t.co/FRVOuFyp23,2,NYTimes
0.0,Sun Mar 11 15:46:02 +0000 2018,0.0,1.0,0.0,President Xi Jinping has set China on course to follow his hard-line authoritarian rule far into the future https://t.co/ZNBzhGP6KQ,3,NYTimes
0.0,Sun Mar 11 15:31:05 +0000 2018,0.0,1.0,0.0,"RT @malika_andrews: It’s selection Sunday! After a season riddled with setbacks, Louisville believes it has done enough to have its name ca…",4,NYTimes
0.0299,Sun Mar 11 15:16:03 +0000 2018,0.093,0.809,0.098,Stephen Bannon and Marine Le Pen met in a symbolic embrace in France. It was not clear whether the encounter would… https://t.co/VOsQfDpp1a,5,NYTimes
0.0,Sun Mar 11 15:05:13 +0000 2018,0.0,1.0,0.0,"Charmaine Pruitt, a black evangelical, thought she had found a spiritual home at a white-majority church. Then came… https://t.co/2jhkWQoKpo",6,NYTimes
-0.296,Sun Mar 11 14:46:04 +0000 2018,0.099,0.901,0.0,Trump has staked his reputation as a deal maker on the presumption that he can personally achieve what no other pre… https://t.co/uoydgUbADf,7,NYTimes
0.5719,Sun Mar 11 14:31:06 +0000 2018,0.0,0.81,0.19,In an effort to better understand the top chief executives — where they’re coming from and how they deal with the c… https://t.co/0F3Errf58a,8,NYTimes
-0.5574,Sun Mar 11 14:17:01 +0000 2018,0.221,0.698,0.081,"RT @motokorich: For Asia, Trump's willingness to meet Kim Jong-un averts--at least for now--the threat of nuclear conflict. Then again, the…",9,NYTimes
0.7845,Sun Mar 11 14:01:43 +0000 2018,0.0,0.753,0.247,"Modern Love: ""From the moment our daughter wakes to the moment she goes to sleep, we are engaged in a waltz with pe… https://t.co/1GLvH9ouWQ",10,NYTimes
0.0,Sun Mar 11 13:45:07 +0000 2018,0.0,1.0,0.0,Here are some of the highlights of the past week https://t.co/gSh2fxDPD8,11,NYTimes
-0.296,Sun Mar 11 13:41:06 +0000 2018,0.346,0.372,0.282,Bono Apologizes as Accusations of Abuse Hit Charity He Co-Founded https://t.co/qhfChDlonA,12,NYTimes
0.0,Sun Mar 11 13:15:06 +0000 2018,0.0,1.0,0.0,"Stephen Bannon, the exiled Trump adviser, is done wrecking the American establishment. His next mission? Training E… https://t.co/5vhAFL7cWy",13,NYTimes
0.0,Sun Mar 11 12:45:03 +0000 2018,0.0,1.0,0.0,President Trump is in discussions with a lawyer who represented Bill Clinton during the impeachment process about j… https://t.co/yQWnJirGpP,14,NYTimes
0.0,Sun Mar 11 12:15:03 +0000 2018,0.0,1.0,0.0,"The Kushner and Trump families have been stepping up their real estate collaborations, blurring the line between fa… https://t.co/wjU7n0cpbW",15,NYTimes
0.6249,Sun Mar 11 12:06:03 +0000 2018,0.0,0.631,0.369,"Contributing Op-Ed Writer: YouTube, the Great Radicalizer https://t.co/DYj4CcKsD9",16,NYTimes
-0.4215,Sun Mar 11 12:00:13 +0000 2018,0.128,0.872,0.0,"Emily Warren Roebling was not an engineer. But when her husband fell ill, she oversaw the construction and completi… https://t.co/7Ggw4LPRdk",17,NYTimes
-0.4939,Sun Mar 11 11:45:02 +0000 2018,0.225,0.775,0.0,Midwestern farmers could become collateral damage from retaliation against American tariffs https://t.co/fePAD3pZ7T,18,NYTimes
-0.3182,Sun Mar 11 11:15:05 +0000 2018,0.179,0.699,0.122,“These regulations were written with human blood.” Safety rules adopted after the Deepwater Horizon disaster are a… https://t.co/lRxMuPECzk,19,NYTimes
0.0,Sun Mar 11 10:50:06 +0000 2018,0.0,1.0,0.0,Prime Minister Justin Trudeau of Canada has appointed the first permanent female leader of the Royal Canadian Mount… https://t.co/R4AReaxMxU,20,NYTimes
0.0,Sun Mar 11 10:31:39 +0000 2018,0.0,1.0,0.0,"In Chile, a Billionaire Takes the Reins From a Socialist, Again https://t.co/wiFa3t6bzK",21,NYTimes
0.4215,Sun Mar 11 10:23:38 +0000 2018,0.0,0.859,0.141,"The worlds of drug marketing and TV entertainment are blurring. Take a look at a recent episode of ""black-ish."" https://t.co/KvyFSyAIUO",22,NYTimes
-0.6588,Sun Mar 11 10:05:10 +0000 2018,0.204,0.796,0.0,Donald Trump’s election shook one Ohio man so badly he swore off all political news. But what are the ethics of ign… https://t.co/srVJ0dS1Pn,23,NYTimes
0.3818,Sun Mar 11 09:59:54 +0000 2018,0.0,0.833,0.167,"On College Basketball: As N.C.A.A. Field Comes Together, Integrity Is on the Bubble https://t.co/ai34W61OpN",24,NYTimes
0.0,Sun Mar 11 09:56:16 +0000 2018,0.0,1.0,0.0,‘Saturday Night Live’ Parodies ‘The Bachelor’ With Another Kind of Breakup https://t.co/32ZNhuG68s,25,NYTimes
0.0,Sun Mar 11 09:33:44 +0000 2018,0.0,1.0,0.0,G.O.P. Rushed to Pass Tax Overhaul. Now It May Need to Be Altered. https://t.co/8GV1VyeNY1,26,NYTimes
0.0,Sun Mar 11 09:26:23 +0000 2018,0.0,1.0,0.0,"Vows: From Crayons to Chemo, He’s Back by Her Side https://t.co/khs9VanuQm",27,NYTimes
0.2263,Sun Mar 11 09:22:46 +0000 2018,0.0,0.84,0.16,"City Kitchen: A Take on Shepherd’s Pie, Straight From the Farm https://t.co/H5d5NlBJgC",28,NYTimes
0.4019,Sun Mar 11 09:15:40 +0000 2018,0.17,0.544,0.286,How Do You Teach People to Love Difficult Music? https://t.co/pGIZHTO278,29,NYTimes
0.2732,Sun Mar 11 09:11:57 +0000 2018,0.0,0.792,0.208,"At the Hayden Planetarium, a Joyride Across the Cosmos https://t.co/WNi6IWjjJp",30,NYTimes
0.0,Sun Mar 11 09:11:12 +0000 2018,0.0,1.0,0.0,"In Opinion

Op-Ed contributors John McCain and Angelina Jolie write, ""Around the world, there is profound concern t… https://t.co/vVHUdWVe0o",31,NYTimes
-0.3612,Sun Mar 11 08:54:01 +0000 2018,0.128,0.872,0.0,President Trump will convene with a group of leaders who have criticized his statements and policies on immigration https://t.co/nv9rMEIPon,32,NYTimes
0.6705,Sun Mar 11 08:50:24 +0000 2018,0.0,0.519,0.481,China’s Xi Wins Constitutional Backing for New Strongman Era https://t.co/M3WNKiEPkv,33,NYTimes
0.2263,Sun Mar 11 08:32:10 +0000 2018,0.108,0.739,0.153,"If you’re worried about the stock market, find someone to give you a hug. Let us explain. https://t.co/Ba4T4wFNT7",34,NYTimes
0.0,Sun Mar 11 08:16:01 +0000 2018,0.0,1.0,0.0,"""I'm a little rusty, but it doesn't matter,"" Serena Williams said to the crowd. ""I'm just out here on this journey… https://t.co/7oUOEYBDZa",35,NYTimes
0.5267,Sun Mar 11 07:58:03 +0000 2018,0.132,0.549,0.319,Some British schools are encouraging riskier play to build resilience and grit https://t.co/cCkagvGTHw,36,NYTimes
0.0,Sun Mar 11 07:28:49 +0000 2018,0.0,1.0,0.0,What to Pack for 36 Hours in Auckland https://t.co/R8wXEH8Hpw,37,NYTimes
0.25,Sun Mar 11 07:15:08 +0000 2018,0.0,0.913,0.087,Ida B. Wells is considered by historians to have been the most famous black woman in the U.S. during her lifetime.… https://t.co/aoFduRNlyR,38,NYTimes
0.0,Sun Mar 11 06:51:30 +0000 2018,0.0,1.0,0.0,Make this pot of red beans and rice https://t.co/ABJjSxsnMw https://t.co/yjmbAmYqM9,39,NYTimes
0.4404,Sun Mar 11 06:32:55 +0000 2018,0.0,0.804,0.196,"Michael B. Jordan says his company will adopt inclusion riders, the diversity effort championed by Frances McDorman… https://t.co/MNdDFuMVIt",40,NYTimes
-0.1779,Sun Mar 11 06:16:02 +0000 2018,0.166,0.704,0.131,"Mired in poverty not long ago, Ghana’s economic growth is on track to outpace India’s https://t.co/lJpEBXU7cn",41,NYTimes
0.0,Sun Mar 11 05:58:05 +0000 2018,0.0,1.0,0.0,"Sensing a power grab in China by President Xi Jinping, Chinese students in the U.S. are showing signs of activism f… https://t.co/QImdvZPUZp",42,NYTimes
0.6124,Sun Mar 11 05:36:41 +0000 2018,0.08,0.62,0.299,From everyone cares and everything matters to no one cares and nothing matters. Here are 25 songs that tell us wher… https://t.co/wufZ5kGonc,43,NYTimes
0.0,Sun Mar 11 05:18:03 +0000 2018,0.0,1.0,0.0,Clocks spring forward this weekend. Florida never wants them to fall back. https://t.co/AhBfQGFt3t,44,NYTimes
0.1531,Sun Mar 11 05:00:37 +0000 2018,0.13,0.672,0.197,"Fake news on Twitter is 70% more likely to be shared than the truth, researchers at MIT found https://t.co/PDx3HOmyfE",45,NYTimes
0.0,Sun Mar 11 04:41:27 +0000 2018,0.0,1.0,0.0,Peter Thiel is leaving Silicon Valley. Will others? https://t.co/0srODDzsRg,46,NYTimes
0.0,Sun Mar 11 04:24:14 +0000 2018,0.0,1.0,0.0,"The sickle cell mutation arose 7,300 years ago in just one person in West Africa, scientists say. Its purpose: a sh… https://t.co/qpYVUarVZJ",47,NYTimes
0.0,Sun Mar 11 04:04:46 +0000 2018,0.0,1.0,0.0,A Horse Walked Into a Miami Beach Nightclub. Now Nobody Else Can. https://t.co/kaw0IMzBga,48,NYTimes
0.5994,Sun Mar 11 03:51:34 +0000 2018,0.0,0.776,0.224,"Amazon says it has figured out why its digital assistant, Alexa, has been mysteriously laughing for some users https://t.co/zE07cpOBNV",49,NYTimes
-0.7579,Sun Mar 11 03:33:31 +0000 2018,0.449,0.476,0.075,Violence Strikes a Veterans Program That Strove to Prevent It https://t.co/hvCn5WOiIc,50,NYTimes
0.0,Sun Mar 11 03:22:13 +0000 2018,0.0,1.0,0.0,"“We need your help,” a waitress in a small town whispered to our reporter. Here's what's happening in Madison, Indi… https://t.co/aLpZcnQdEX",51,NYTimes
0.128,Sun Mar 11 03:02:17 +0000 2018,0.0,0.927,0.073,"Adam Rippon: ""I kind of have a feeling that I’ve used the Olympics to get myself to meet the world"" https://t.co/prxur7Ha0U",52,NYTimes
0.1027,Sun Mar 11 02:46:01 +0000 2018,0.14,0.698,0.163,It’s True: False News Spreads Faster and Wider. And Humans Are to Blame. https://t.co/1tpUTE8QV5,53,NYTimes
-0.4754,Sun Mar 11 02:35:51 +0000 2018,0.134,0.866,0.0,"“It’s sort of disheartening at first to realize how much we humans are responsible,"" one MIT researcher said of fal… https://t.co/6oZXCa5Frp",54,NYTimes
-0.3612,Sun Mar 11 02:15:05 +0000 2018,0.111,0.889,0.0,"“Somebody must show that the Afro-American race is more sinned against than sinning, and it seems to have fallen up… https://t.co/Qq9akMXkLy",55,NYTimes
0.2023,Sun Mar 11 01:45:50 +0000 2018,0.0,0.886,0.114,"After reigning atop the music industry for a decade, Taylor Swift suddenly seems under review https://t.co/3TNDXjLIby",56,NYTimes
0.0772,Sun Mar 11 01:26:47 +0000 2018,0.0,0.933,0.067,Over the years Frida Kahlo has been associated with a number of unlikely products. But what about a Barbie doll? https://t.co/hmiWCz6VQN,57,NYTimes
-0.6705,Sun Mar 11 01:09:44 +0000 2018,0.333,0.667,0.0,"California Police Officer Killed by Barricaded Gunman, Officials Say https://t.co/r6b4hyKEL3",58,NYTimes
0.6486,Sun Mar 11 01:02:02 +0000 2018,0.0,0.751,0.249,The excavation of Rome’s newest subway line has been the gift that keeps on giving for archaeologists https://t.co/cU0L1MwWU1,59,NYTimes
0.0,Sun Mar 11 00:43:23 +0000 2018,0.0,1.0,0.0,Opinion: Eyes Here: Weekend Reads From the Opinion Section https://t.co/ANpEESonA0,60,NYTimes
0.128,Sun Mar 11 00:36:51 +0000 2018,0.1,0.779,0.121,An elaborate system has developed to silence women who level accusations against powerful men. One of those women i… https://t.co/4Dmxpjsgi8,61,NYTimes
0.5106,Sun Mar 11 00:16:18 +0000 2018,0.0,0.645,0.355,The Unbearable Cuteness of Maternity Overalls https://t.co/pfOpGxSbfr,62,NYTimes
0.0,Sun Mar 11 00:11:17 +0000 2018,0.0,1.0,0.0,Here’s Cardi B’s “Bodak Yellow” and your 3 minutes 44 seconds of frankness in a year of feminist pandering https://t.co/YVZ4Ae8ODr,63,NYTimes
0.0,Sat Mar 10 23:50:27 +0000 2018,0.0,1.0,0.0,The ground around San Francisco Bay is sinking to meet the rising sea https://t.co/XOOxtmWNq4,64,NYTimes
0.4576,Sat Mar 10 23:30:13 +0000 2018,0.0,0.765,0.235,Conversations about sex and consent are especially urgent on college campuses. So let’s talk.… https://t.co/C3TkIYwa4O,65,NYTimes
0.0,Sat Mar 10 23:15:30 +0000 2018,0.0,1.0,0.0,A Ballet Score? Not Such a Stretch for the Pet Shop Boys https://t.co/3nWpUjVpc3,66,NYTimes
0.0,Sat Mar 10 23:15:04 +0000 2018,0.0,1.0,0.0,"In Opinion

Op-Ed contributor Rania Abouzeid writes, ""Were his old extremist ideas merely dormant, awaiting activat… https://t.co/QVqFjvudsA",67,NYTimes
0.0,Sat Mar 10 23:00:15 +0000 2018,0.0,1.0,0.0,Saturday playlist: the 12 new songs you need to hear https://t.co/JENBAmj4JQ,68,NYTimes
0.1761,Sat Mar 10 22:45:04 +0000 2018,0.085,0.798,0.117,Trump’s seemingly unstoppable series of erratic moves has helped cast China as the more stable power in Asia https://t.co/TuHgOajWOE,69,NYTimes
0.6249,Sat Mar 10 22:30:11 +0000 2018,0.0,0.796,0.204,Millennials are going to great lengths to bring plant life into their homes and work spaces https://t.co/5gpI7gA4mW,70,NYTimes
-0.4215,Sat Mar 10 22:15:05 +0000 2018,0.149,0.851,0.0,"In Opinion

The editorial board writes, ""Nonvoters aren’t protesting anything; they’re just putting their lives and… https://t.co/1PbDgInQwv",71,NYTimes
-0.6369,Sat Mar 10 22:06:04 +0000 2018,0.208,0.792,0.0,"Two California police officers were shot, one fatally, by a gunman who was barricaded in an apartment https://t.co/PC18ZeDaig",72,NYTimes
0.0,Sat Mar 10 22:00:12 +0000 2018,0.0,1.0,0.0,"Stephen Bannon, the exiled Trump adviser, is done wrecking the American establishment. His next mission? Training E… https://t.co/MqLhX2OI2M",73,NYTimes
0.2732,Sat Mar 10 21:45:09 +0000 2018,0.0,0.877,0.123,"President Trump is strongly considering Christopher P. Liddell, a former executive at Microsoft and General Motors,… https://t.co/3w1XRZiSTh",74,NYTimes
0.7269,Sat Mar 10 21:34:19 +0000 2018,0.086,0.584,0.33,"RT @jackhealyNYT: This fascinating @samdolnick story makes me want to ask this guy many questions. 

Like, fair enough to ignore D.C. intri…",75,NYTimes
0.0,Sat Mar 10 21:31:17 +0000 2018,0.0,1.0,0.0,RT @nytopinion: The list the world needs now. https://t.co/YPlFLe2B4j,76,NYTimes
0.0,Sat Mar 10 21:30:07 +0000 2018,0.0,1.0,0.0,President Trump is in discussions with a lawyer who represented Bill Clinton during the impeachment process about j… https://t.co/aWitB4FliI,77,NYTimes
0.0,Sat Mar 10 21:15:05 +0000 2018,0.0,1.0,0.0,Behind-the-scenes activity signals a deepening of the Trump-Kushner business relationship. It also poses potential… https://t.co/IemVcizZ3p,78,NYTimes
0.3612,Sat Mar 10 21:00:16 +0000 2018,0.0,0.884,0.116,"In Opinion
Senior correspondent and editor Susan Chira writes, ""Many women, those who grew up wealthy and those who… https://t.co/KByAgYbcr0",79,NYTimes
-0.4939,Sat Mar 10 20:45:06 +0000 2018,0.225,0.775,0.0,Midwestern farmers could become collateral damage from retaliation against American tariffs https://t.co/oE1FMsiFPD,80,NYTimes
0.0,Sat Mar 10 20:30:17 +0000 2018,0.0,1.0,0.0,"Drew Houston, Dropbox’s chief executive, is set to become the next bona fide tech billionaire https://t.co/Pf0FERTf56",81,NYTimes
-0.296,Sat Mar 10 20:15:07 +0000 2018,0.099,0.901,0.0,Trump has staked his reputation as a deal maker on the presumption that he can personally achieve what no other pre… https://t.co/xvzgwWZlYI,82,NYTimes
0.0,Sat Mar 10 20:00:09 +0000 2018,0.0,1.0,0.0,"One year ago today, the invasion of the toddlers https://t.co/Tdov9NdtSA",83,NYTimes
0.0,Sat Mar 10 19:45:06 +0000 2018,0.0,1.0,0.0,"After a year on the job, Betsy DeVos is learning that leaving school policymaking to the states means not always ge… https://t.co/3lEO7t9XH4",84,NYTimes
0.5267,Sat Mar 10 19:30:14 +0000 2018,0.132,0.549,0.319,Some British schools are encouraging riskier play to build resilience and grit https://t.co/c49lN1yiyO,85,NYTimes
0.0,Sat Mar 10 19:15:06 +0000 2018,0.0,1.0,0.0,"Sensing a power grab in China by President Xi Jinping, Chinese students in the U.S. are showing signs of activism f… https://t.co/NkhlyGV6UJ",86,NYTimes
0.25,Sat Mar 10 19:00:15 +0000 2018,0.0,0.889,0.111,Ida B. Wells was a 30-year-old newspaper editor living in Memphis when she began her anti-lynching campaign… https://t.co/BA3cg7uVPK,87,NYTimes
0.7783,Sat Mar 10 18:45:02 +0000 2018,0.0,0.726,0.274,Man United’s 2-1 triumph at Old Trafford was the perfect José Mourinho victory: one marked by an undeniable effecti… https://t.co/zXGylSVY48,88,NYTimes
0.0,Sat Mar 10 18:30:07 +0000 2018,0.0,1.0,0.0,"Since 1851, obituaries in The New York Times have been dominated by white men. Now, we're adding the stories of mor… https://t.co/jXa3k5EjLP",89,NYTimes
-0.296,Sat Mar 10 18:15:07 +0000 2018,0.099,0.901,0.0,The cement giant Lafarge stayed in Syria when other companies left. Now it is accused of paying off ISIS militants… https://t.co/LnXsqgDwCb,90,NYTimes
-0.3182,Sat Mar 10 18:00:15 +0000 2018,0.179,0.699,0.122,“These regulations were written with human blood.” Safety rules adopted after the Deepwater Horizon disaster are a… https://t.co/KMpCc20r1U,91,NYTimes
0.3612,Sat Mar 10 17:50:14 +0000 2018,0.0,0.894,0.106,“He has the privilege of constructing a world in which very little of what he doesn’t have to deal with gets throug… https://t.co/RNbZdS04KW,92,NYTimes
-0.3612,Sat Mar 10 17:45:08 +0000 2018,0.128,0.872,0.0,President Trump will convene with a group of leaders who have criticized his statements and policies on immigration https://t.co/YnZwLDUj9V,93,NYTimes
0.8074,Sat Mar 10 17:30:08 +0000 2018,0.0,0.61,0.39,Modern Love wants to hear about how college students handle sexual consent. Share your story. https://t.co/jrU1PE87Tg,94,NYTimes
-0.1779,Sat Mar 10 17:15:02 +0000 2018,0.166,0.704,0.131,"Mired in poverty not long ago, Ghana’s economic growth is on track to outpace India’s https://t.co/4KWVGXkPxH",95,NYTimes
-0.5423,Sat Mar 10 17:00:03 +0000 2018,0.209,0.791,0.0,Donald Trump’s victory shook him. Badly. And so Erik Hagerman developed his own eccentric experiment: He swore that… https://t.co/r36KEL2SDm,96,NYTimes
-0.4588,Sat Mar 10 16:45:07 +0000 2018,0.158,0.842,0.0,"The vandals attacked a statue of Gandhi in the southern state of Kerala, breaking its wire-rimmed eyeglasses https://t.co/8Vp4xYxiL0",97,NYTimes
-0.0258,Sat Mar 10 16:30:08 +0000 2018,0.08,0.843,0.077,RT @samdolnick: I went to Ohio to profile a man living the liberal dream to the extreme. He has blocked ALL information about Trump and kno…,98,NYTimes
0.3612,Sat Mar 10 16:15:06 +0000 2018,0.0,0.829,0.171,"Migrants have created some of the works themselves, looking for ways in China’s carefully monitored society to expr… https://t.co/4q47ELEGJ0",99,NYTimes
